,Product Name,Price,Item Sale,Retailer Location,Product URL
0,"Philips ‡∏´‡∏°‡πâ‡∏≠‡∏ó‡∏≠‡∏î‡πÑ‡∏£‡πâ‡∏ô‡πâ‡∏≥‡∏°‡∏±‡∏ô (1400 ‡∏ß‡∏±‡∏ï‡∏ï‡πå, 4.1 ‡∏•‡∏¥‡∏ï‡∏£) ‡∏£‡∏∏‡πà‡∏ô HD9200","‡∏ø1,890",No Sale,‡∏à‡∏±‡∏á‡∏´‡∏ß‡∏±‡∏î‡∏Å‡∏£‡∏∏‡∏á‡πÄ‡∏ó‡∏û‡∏°‡∏´‡∏≤‡∏ô‡∏Ñ‡∏£,https://shopee.co.th//Philips-‡∏´‡∏°‡πâ‡∏≠‡∏ó‡∏≠‡∏î‡πÑ‡∏£‡πâ‡∏ô‡πâ‡∏≥‡∏°‡∏±‡∏ô-(1400-‡∏ß‡∏±‡∏ï‡∏ï‡πå-4.1-‡∏•‡∏¥‡∏ï‡∏£)-‡∏£‡∏∏‡πà‡∏ô-HD9200-i.4585311.20269453317?sp_atk=f1c89a53-3817-4c0d-80af-92651b8db3ea&xptdk=f1c89a53-3817-4c0d-80af-92651b8db3ea
1,Gaabor ‡∏Ç‡∏≤‡∏¢‡∏î‡∏µ‡∏≠‡∏±‡∏ô‡∏î‡∏±‡∏ö1 ‡∏´‡∏°‡πâ‡∏≠‡∏ó‡∏≠‡∏î‡πÑ‡∏£‡πâ‡∏ô‡πâ‡∏≥‡∏°‡∏±‡∏ô ‡πÄ‡∏ï‡∏≤‡∏≠‡∏ö‡πÑ‡∏ü‡∏ü‡πâ‡∏≤ Air Fryer ‡πÄ‡∏ï‡∏≤‡∏≠‡∏ö‡∏•‡∏°‡∏£‡πâ‡∏≠‡∏ô360¬∞‡∏Ñ‡∏ß‡∏≤‡∏°‡∏£‡πâ‡∏≠‡∏ô‡∏™‡∏°‡πà‡∏≥‡πÄ‡∏™‡∏°‡∏≠ ‡∏î‡∏µ‡πÑ‡∏ã‡∏ô‡πå‡πÄ‡∏¢‡∏≠‡∏£‡∏°‡∏±‡∏ô ‡∏£‡∏±‡∏ö‡∏õ‡∏£‡∏∞‡∏Å‡∏±‡∏ô 1 ‡∏õ‡∏µ,"‡∏ø699 - ‡∏ø1,490",‡∏Ç‡∏≤‡∏¢‡πÅ‡∏•‡πâ‡∏ß 2.1‡∏û‡∏±‡∏ô ‡∏ä‡∏¥‡πâ‡∏ô,‡∏à‡∏±‡∏á‡∏´‡∏ß‡∏±‡∏î‡∏Å‡∏£‡∏∏‡∏á‡πÄ‡∏ó‡∏û‡∏°‡∏´‡∏≤‡∏ô‡∏Ñ‡∏£,https://shopee.co.th//Gaabor-‡∏Ç‡∏≤‡∏¢‡∏î‡∏µ‡∏≠‡∏±‡∏ô‡∏î‡∏±‡∏ö1-‡∏´‡∏°‡πâ‡∏≠‡∏ó‡∏≠‡∏î‡πÑ‡∏£‡πâ‡∏ô‡πâ‡∏≥‡∏°‡∏±‡∏ô-‡πÄ‡∏ï‡∏≤‡∏≠‡∏ö‡πÑ‡∏ü‡∏ü‡πâ‡∏≤-Air-Fryer-‡πÄ‡∏ï‡∏≤‡∏≠‡∏ö‡∏•‡∏°‡∏£‡πâ‡∏≠‡∏ô360¬∞‡∏Ñ‡∏ß‡∏≤‡∏°‡∏£‡πâ‡∏≠‡∏ô‡∏™‡∏°‡πà‡∏≥‡πÄ‡∏™‡∏°‡∏≠-‡∏î‡∏µ‡πÑ‡∏ã‡∏ô‡πå‡πÄ‡∏¢‡∏≠‡∏£‡∏°‡∏±‡∏ô-‡∏£‡∏±‡∏ö‡∏õ‡∏£‡∏∞‡∏Å‡∏±‡∏ô-1-‡∏õ‡∏µ-i.494855778.9494577005?sp_atk=96b5265d-127d-4ac9-af6e-dc28da8063d0&xptdk=96b5265d-127d-4ac9-af6e-dc28da8063d0
2,[‡πÉ‡∏ä‡πâ‡πÇ‡∏Ñ‡πâ‡∏î DECMM200 ‡∏•‡∏î 7%.-]HAN RIVER ‡∏´‡∏°‡πâ‡∏≠‡∏ó‡∏≠‡∏î‡πÑ‡∏£‡πâ‡∏ô‡πâ‡∏≥‡∏°‡∏±‡∏ô‡∏Ñ‡∏ß‡∏≤‡∏°‡∏à‡∏∏‡∏Ç‡∏ô‡∏≤‡∏î‡πÉ‡∏´‡∏ç‡πà 6.5‡∏•‡∏¥‡∏ï‡∏£ ‡πÑ‡∏£‡πâ‡∏ô‡πâ‡∏≥‡∏°‡∏±‡∏ô ‡∏≠‡πÄ‡∏ô‡∏Å‡∏õ‡∏£‡∏∞‡∏™‡∏á‡∏Ñ‡πå Airfryer ‡∏ï‡∏∞‡πÅ‡∏Å‡∏£‡∏á‡∏£‡∏≠‡∏á‡∏´‡∏°‡πâ‡∏≠‡∏ó‡∏≠‡∏î HRAF08WT,"‡∏ø1,288",‡∏Ç‡∏≤‡∏¢‡πÅ‡∏•‡πâ‡∏ß 64 ‡∏ä‡∏¥‡πâ‡∏ô,‡∏à‡∏±‡∏á‡∏´‡∏ß‡∏±‡∏î‡∏Å‡∏£‡∏∏‡∏á‡πÄ‡∏ó‡∏û‡∏°‡∏´‡∏≤‡∏ô‡∏Ñ‡∏£,https://shopee.co.th//-‡πÉ‡∏ä‡πâ‡πÇ‡∏Ñ‡πâ‡∏î-DECMM200-‡∏•‡∏î-7-.-HAN-RIVER-‡∏´‡∏°‡πâ‡∏≠‡∏ó‡∏≠‡∏î‡πÑ‡∏£‡πâ‡∏ô‡πâ‡∏≥‡∏°‡∏±‡∏ô‡∏Ñ‡∏ß‡∏≤‡∏°‡∏à‡∏∏‡∏Ç‡∏ô‡∏≤‡∏î‡πÉ‡∏´‡∏ç‡πà-6.5‡∏•‡∏¥‡∏ï‡∏£-‡πÑ‡∏£‡πâ‡∏ô‡πâ‡∏≥‡∏°‡∏±‡∏ô-‡∏≠‡πÄ‡∏ô‡∏Å‡∏õ‡∏£‡∏∞‡∏™‡∏á‡∏Ñ‡πå-Airfryer-‡∏ï‡∏∞‡πÅ‡∏Å‡∏£‡∏á‡∏£‡∏≠‡∏á‡∏´‡∏°‡πâ‡∏≠‡∏ó‡∏≠‡∏î-HRAF08WT-i.316135716.16190266723?sp_atk=7b838173-3eb7-4432-a741-4b92ce44aea3&xptdk=7b838173-3eb7-4432-a741-4b92ce44aea3
3,‡∏´‡∏°‡πâ‡∏≠‡∏ó‡∏≠‡∏î‡πÑ‡∏£‡πâ‡∏ô‡πâ‡∏≥‡∏°‡∏±‡∏ô 6.5 ‡∏•‡∏¥‡∏ï‡∏£ ‡πÉ‡∏´‡∏ç‡πà‡∏à‡∏∏‡πÉ‡∏à Air Fryer Medium Capacity Air Fryer AF501D AIRFRYER (6.5 L),"‡∏ø1,599",‡∏Ç‡∏≤‡∏¢‡πÅ‡∏•‡πâ‡∏ß 4.3‡∏û‡∏±‡∏ô ‡∏ä‡∏¥‡πâ‡∏ô,‡∏à‡∏±‡∏á‡∏´‡∏ß‡∏±‡∏î‡∏Å‡∏£‡∏∏‡∏á‡πÄ‡∏ó‡∏û‡∏°‡∏´‡∏≤‡∏ô‡∏Ñ‡∏£,https://shopee.co.th//‡∏´‡∏°‡πâ‡∏≠‡∏ó‡∏≠‡∏î‡πÑ‡∏£‡πâ‡∏ô‡πâ‡∏≥‡∏°‡∏±‡∏ô-6.5-‡∏•‡∏¥‡∏ï‡∏£-‡πÉ‡∏´‡∏ç‡πà‡∏à‡∏∏‡πÉ‡∏à-Air-Fryer-Medium-Capacity-Air-Fryer-AF501D-AIRFRYER-(6.5-L)-i.718081675.13396477475?sp_atk=acd366f2-6319-44c6-bfd1-cf98a87eac2e&xptdk=acd366f2-6319-44c6-bfd1-cf98a87eac2e
4,‡∏´‡∏°‡πâ‡∏≠‡∏ó‡∏≠‡∏î‡πÑ‡∏£‡πâ‡∏ô‡πâ‡πç‡∏≤‡∏°‡∏±‡∏ô3.5L ‡∏Å‡∏≤‡∏£‡∏Ñ‡∏ß‡∏ö‡∏Ñ‡∏∏‡∏°‡∏≠‡∏∏‡∏ì‡∏´‡∏†‡∏π‡∏°‡∏¥‡∏ó‡∏µ‡πà‡πÅ‡∏°‡πà‡∏ô‡∏¢‡∏≥ ‡∏´‡∏°‡πâ‡∏≠‡∏ä‡∏±‡πâ‡∏ô‡πÉ‡∏ô‡πÄ‡∏Ñ‡∏•‡∏∑‡∏≠‡∏ö‡∏™‡∏≤‡∏£‡∏Å‡∏±‡∏ô‡∏ï‡∏¥‡∏î ‡∏Å‡∏≤‡∏£‡∏ó‡∏≠‡∏î‡∏î‡πà‡∏ß‡∏ô‡∏ï‡∏≤‡∏°‡∏Å‡∏≥‡∏´‡∏ô‡∏î‡πÄ‡∏ß‡∏•‡∏≤ ‡∏´‡∏°‡πâ‡∏≠‡∏ó‡∏≠‡∏î‡πÑ‡∏£‡πâ‡∏ô‡πâ‡πç‡∏≤‡∏°‡∏±‡∏ô HRAF,‡∏ø599,‡∏Ç‡∏≤‡∏¢‡πÅ‡∏•‡πâ‡∏ß 148 ‡∏ä‡∏¥‡πâ‡∏ô,‡∏à‡∏±‡∏á‡∏´‡∏ß‡∏±‡∏î‡∏Å‡∏£‡∏∏‡∏á‡πÄ‡∏ó‡∏û‡∏°‡∏´‡∏≤‡∏ô‡∏Ñ‡∏£,https://shopee.co.th//‡∏´‡∏°‡πâ‡∏≠‡∏ó‡∏≠‡∏î‡πÑ‡∏£‡πâ‡∏ô‡πâ‡πç‡∏≤‡∏°‡∏±‡∏ô3.5L-‡∏Å‡∏≤‡∏£‡∏Ñ‡∏ß‡∏ö‡∏Ñ‡∏∏‡∏°‡∏≠‡∏∏‡∏ì‡∏´‡∏†‡∏π‡∏°‡∏¥‡∏ó‡∏µ‡πà‡πÅ‡∏°‡πà‡∏ô‡∏¢‡∏≥-‡∏´‡∏°‡πâ‡∏≠‡∏ä‡∏±‡πâ‡∏ô‡πÉ‡∏ô‡πÄ‡∏Ñ‡∏•‡∏∑‡∏≠‡∏ö‡∏™‡∏≤‡∏£‡∏Å‡∏±‡∏ô‡∏ï‡∏¥‡∏î-‡∏Å‡∏≤‡∏£‡∏ó‡∏≠‡∏î‡∏î‡πà‡∏ß‡∏ô‡∏ï‡∏≤‡∏°‡∏Å‡∏≥‡∏´‡∏ô‡∏î‡πÄ‡∏ß‡∏•‡∏≤-‡∏´‡∏°‡πâ‡∏≠‡∏ó‡∏≠‡∏î‡πÑ‡∏£‡πâ‡∏ô‡πâ‡πç‡∏≤‡∏°‡∏±‡∏ô-HRAF-i.898269833.18161122741?sp_atk=ff8fc968-29d5-4513-bd11-e7645df95744&xptdk=ff8fc968-29d5-4513-bd11-e7645df95744
5,Philips AF501D/AF602D/DH308/GT078/GT178 ‡∏´‡∏°‡πâ‡∏≠‡∏ó‡∏≠‡∏î‡πÑ‡∏£‡πâ‡∏ô‡πâ‡∏≥‡∏°‡∏±‡∏ô Air Fryer Large High-Capacity Air Fryer,"‡∏ø1,440 - ‡∏ø1,739",‡∏Ç‡∏≤‡∏¢‡πÅ‡∏•‡πâ‡∏ß 3.6‡∏û‡∏±‡∏ô ‡∏ä‡∏¥‡πâ‡∏ô,‡∏à‡∏±‡∏á‡∏´‡∏ß‡∏±‡∏î‡∏Å‡∏£‡∏∏‡∏á‡πÄ‡∏ó‡∏û‡∏°‡∏´‡∏≤‡∏ô‡∏Ñ‡∏£,https://shopee.co.th//Philips-AF501D-AF602D-DH308-GT078-GT178-‡∏´‡∏°‡πâ‡∏≠‡∏ó‡∏≠‡∏î‡πÑ‡∏£‡πâ‡∏ô‡πâ‡∏≥‡∏°‡∏±‡∏ô-Air-Fryer-Large-High-Capacity-Air-Fryer-i.908047670.22312329065?sp_atk=8d178d80-785b-4872-a608-0c5ec0700d50&xptdk=8d178d80-785b-4872-a608-0c5ec0700d50
6,[‡πÉ‡∏ä‡πâ‡πÇ‡∏Ñ‡πâ‡∏î DECMM200 ‡∏•‡∏î 7%.-]HAN RIVER ‡∏´‡∏°‡πâ‡∏≠‡∏ó‡∏≠‡∏î‡πÑ‡∏£‡πâ‡∏ô‡πâ‡∏≥‡∏°‡∏±‡∏ô‡∏Ñ‡∏ß‡∏≤‡∏°‡∏à‡∏∏‡∏Ç‡∏ô‡∏≤‡∏î‡πÉ‡∏´‡∏ç‡πà 6.5‡∏•‡∏¥‡∏ï‡∏£ ‡πÑ‡∏£‡πâ‡∏ô‡πâ‡∏≥‡∏°‡∏±‡∏ô ‡∏≠‡πÄ‡∏ô‡∏Å‡∏õ‡∏£‡∏∞‡∏™‡∏á‡∏Ñ‡πå Airfryer ‡∏ï‡∏∞‡πÅ‡∏Å‡∏£‡∏á‡∏£‡∏≠‡∏á‡∏´‡∏°‡πâ‡∏≠‡∏ó‡∏≠‡∏î HRAF08WT,"‡∏ø1,288",‡∏Ç‡∏≤‡∏¢‡πÅ‡∏•‡πâ‡∏ß 64 ‡∏ä‡∏¥‡πâ‡∏ô,‡∏à‡∏±‡∏á‡∏´‡∏ß‡∏±‡∏î‡∏Å‡∏£‡∏∏‡∏á‡πÄ‡∏ó‡∏û‡∏°‡∏´‡∏≤‡∏ô‡∏Ñ‡∏£,https://shopee.co.th//-‡πÉ‡∏ä‡πâ‡πÇ‡∏Ñ‡πâ‡∏î-DECMM200-‡∏•‡∏î-7-.-HAN-RIVER-‡∏´‡∏°‡πâ‡∏≠‡∏ó‡∏≠‡∏î‡πÑ‡∏£‡πâ‡∏ô‡πâ‡∏≥‡∏°‡∏±‡∏ô‡∏Ñ‡∏ß‡∏≤‡∏°‡∏à‡∏∏‡∏Ç‡∏ô‡∏≤‡∏î‡πÉ‡∏´‡∏ç‡πà-6.5‡∏•‡∏¥‡∏ï‡∏£-‡πÑ‡∏£‡πâ‡∏ô‡πâ‡∏≥‡∏°‡∏±‡∏ô-‡∏≠‡πÄ‡∏ô‡∏Å‡∏õ‡∏£‡∏∞‡∏™‡∏á‡∏Ñ‡πå-Airfryer-‡∏ï‡∏∞‡πÅ‡∏Å‡∏£‡∏á‡∏£‡∏≠‡∏á‡∏´‡∏°‡πâ‡∏≠‡∏ó‡∏≠‡∏î-HRAF08WT-i.316135716.16190266723?sp_atk=93267d8d-0af6-4cc8-994a-85bf71799ca5&xptdk=93267d8d-0af6-4cc8-994a-85bf71799ca5
7,Simplus ‡∏´‡∏°‡πâ‡∏≠‡∏ó‡∏≠‡∏î‡πÑ‡∏£‡πâ‡∏ô‡πâ‡∏≥‡∏°‡∏±‡∏ô ‡∏´‡∏°‡πâ‡∏≠‡∏ó‡∏≠‡∏î‡πÑ‡∏£‡πâ‡∏ô‡πâ‡∏≥‡∏°‡∏±‡∏ô‡∏Ñ‡∏ß‡∏≤‡∏°‡∏à‡∏∏‡∏Ç‡∏ô‡∏≤‡∏î‡πÉ‡∏´‡∏ç‡πà 4.5‡∏•‡∏¥‡∏ï‡∏£  ‡πÑ‡∏£‡πâ‡∏ô‡πâ‡∏≥‡∏°‡∏±‡∏ô ‡∏≠‡πÄ‡∏ô‡∏Å‡∏õ‡∏£‡∏∞‡∏™‡∏á‡∏Ñ‡πå Airfryer ‡∏ï‡∏∞‡πÅ‡∏Å‡∏£‡∏á‡∏£‡∏≠‡∏á‡∏´‡∏°‡πâ‡∏≠‡∏ó‡∏≠‡∏î KQZG007,‡∏ø789,‡∏Ç‡∏≤‡∏¢‡πÅ‡∏•‡πâ‡∏ß 6.3‡∏û‡∏±‡∏ô ‡∏ä‡∏¥‡πâ‡∏ô,‡∏à‡∏±‡∏á‡∏´‡∏ß‡∏±‡∏î‡∏™‡∏°‡∏∏‡∏ó‡∏£‡∏õ‡∏£‡∏≤‡∏Å‡∏≤‡∏£,https://shopee.co.th//Simplus-‡∏´‡∏°‡πâ‡∏≠‡∏ó‡∏≠‡∏î‡πÑ‡∏£‡πâ‡∏ô‡πâ‡∏≥‡∏°‡∏±‡∏ô-‡∏´‡∏°‡πâ‡∏≠‡∏ó‡∏≠‡∏î‡πÑ‡∏£‡πâ‡∏ô‡πâ‡∏≥‡∏°‡∏±‡∏ô‡∏Ñ‡∏ß‡∏≤‡∏°‡∏à‡∏∏‡∏Ç‡∏ô‡∏≤‡∏î‡πÉ‡∏´‡∏ç‡πà-4.5‡∏•‡∏¥‡∏ï‡∏£-‡πÑ‡∏£‡πâ‡∏ô‡πâ‡∏≥‡∏°‡∏±‡∏ô-‡∏≠‡πÄ‡∏ô‡∏Å‡∏õ‡∏£‡∏∞‡∏™‡∏á‡∏Ñ‡πå-Airfryer-‡∏ï‡∏∞‡πÅ‡∏Å‡∏£‡∏á‡∏£‡∏≠‡∏á‡∏´‡∏°‡πâ‡∏≠‡∏ó‡∏≠‡∏î-KQZG007-i.448235616.19300023343?sp_atk=da025650-99ab-4601-a089-677a5ba8fa30&xptdk=da025650-99ab-4601-a089-677a5ba8fa30
8,üî•SALEüî•‡∏´‡∏°‡πâ‡∏≠‡∏ó‡∏≠‡∏î‡πÑ‡∏£‡πâ‡∏ô‡πâ‡∏≥‡∏°‡∏±‡∏ô ‡∏´‡∏°‡πâ‡∏≠‡πÑ‡∏£‡πâ‡∏ô‡πâ‡∏≥‡∏°‡∏±‡∏ô ‡∏´‡∏°‡πâ‡∏≠‡∏ó‡∏≠‡∏î‡πÑ‡∏ü‡∏ü‡πâ‡∏≤‡∏Ç‡∏ô‡∏≤‡∏î 4‡∏•‡∏¥‡∏ï‡∏£ ‡πÅ‡∏•‡∏∞5‡∏•‡∏¥‡∏ï‡∏£,‡∏ø659 - ‡∏ø789,‡∏Ç‡∏≤‡∏¢‡πÅ‡∏•‡πâ‡∏ß 6.2‡∏û‡∏±‡∏ô ‡∏ä‡∏¥‡πâ‡∏ô,‡∏à‡∏±‡∏á‡∏´‡∏ß‡∏±‡∏î‡∏Å‡∏£‡∏∏‡∏á‡πÄ‡∏ó‡∏û‡∏°‡∏´‡∏≤‡∏ô‡∏Ñ‡∏£,https://shopee.co.th//üî•SALEüî•‡∏´‡∏°‡πâ‡∏≠‡∏ó‡∏≠‡∏î‡πÑ‡∏£‡πâ‡∏ô‡πâ‡∏≥‡∏°‡∏±‡∏ô-‡∏´‡∏°‡πâ‡∏≠‡πÑ‡∏£‡πâ‡∏ô‡πâ‡∏≥‡∏°‡∏±‡∏ô-‡∏´‡∏°‡πâ‡∏≠‡∏ó‡∏≠‡∏î‡πÑ‡∏ü‡∏ü‡πâ‡∏≤‡∏Ç‡∏ô‡∏≤‡∏î-4‡∏•‡∏¥‡∏ï‡∏£-‡πÅ‡∏•‡∏∞5‡∏•‡∏¥‡∏ï‡∏£-i.132739612.6636166555?sp_atk=9bf82097-d777-48b6-a065-5b39b9f83a1d&xptdk=9bf82097-d777-48b6-a065-5b39b9f83a1d
9,‡∏´‡∏°‡πâ‡∏≠‡∏ó‡∏≠‡∏î‡πÑ‡∏£‡πâ‡∏ô‡πâ‡∏≥‡∏°‡∏±‡∏ô 6.5 ‡∏•‡∏¥‡∏ï‡∏£ ‡πÉ‡∏´‡∏ç‡πà‡∏à‡∏∏‡πÉ‡∏à Air Fryer Medium Capacity Air Fryer AF501D AIRFRYER (6.5 L),"‡∏ø1,599",‡∏Ç‡∏≤‡∏¢‡πÅ‡∏•‡πâ‡∏ß 4.3‡∏û‡∏±‡∏ô ‡∏ä‡∏¥‡πâ‡∏ô,‡∏à‡∏±‡∏á‡∏´‡∏ß‡∏±‡∏î‡∏Å‡∏£‡∏∏‡∏á‡πÄ‡∏ó‡∏û‡∏°‡∏´‡∏≤‡∏ô‡∏Ñ‡∏£,https://shopee.co.th//‡∏´‡∏°‡πâ‡∏≠‡∏ó‡∏≠‡∏î‡πÑ‡∏£‡πâ‡∏ô‡πâ‡∏≥‡∏°‡∏±‡∏ô-6.5-‡∏•‡∏¥‡∏ï‡∏£-‡πÉ‡∏´‡∏ç‡πà‡∏à‡∏∏‡πÉ‡∏à-Air-Fryer-Medium-Capacity-Air-Fryer-AF501D-AIRFRYER-(6.5-L)-i.718081675.13396477475?sp_atk=db24e3d0-05c3-47ff-a370-fd5a6b6e6abc&xptdk=db24e3d0-05c3-47ff-a370-fd5a6b6e6abc
10,PHILIPS ‡∏´‡∏°‡πâ‡∏≠‡∏ó‡∏≠‡∏î‡πÑ‡∏£‡πâ‡∏ô‡πâ‡∏≥‡∏°‡∏±‡∏ô ‡∏£‡∏∏‡πà‡∏ô HD9200 4.1‡∏•‡∏¥‡∏ï‡∏£ ‡∏õ‡∏£‡∏∞‡∏Å‡∏±‡∏ô‡∏®‡∏π‡∏ô‡∏¢‡πå‡πÑ‡∏ó‡∏¢ 2‡∏õ‡∏µ (HD9200/91),"‡∏ø1,990",‡∏Ç‡∏≤‡∏¢‡πÅ‡∏•‡πâ‡∏ß 11‡∏û‡∏±‡∏ô ‡∏ä‡∏¥‡πâ‡∏ô,‡∏à‡∏±‡∏á‡∏´‡∏ß‡∏±‡∏î‡∏Å‡∏£‡∏∏‡∏á‡πÄ‡∏ó‡∏û‡∏°‡∏´‡∏≤‡∏ô‡∏Ñ‡∏£,https://shopee.co.th//PHILIPS-‡∏´‡∏°‡πâ‡∏≠‡∏ó‡∏≠‡∏î‡πÑ‡∏£‡πâ‡∏ô‡πâ‡∏≥‡∏°‡∏±‡∏ô-‡∏£‡∏∏‡πà‡∏ô-HD9200-4.1‡∏•‡∏¥‡∏ï‡∏£-‡∏õ‡∏£‡∏∞‡∏Å‡∏±‡∏ô‡∏®‡∏π‡∏ô‡∏¢‡πå‡πÑ‡∏ó‡∏¢-2‡∏õ‡∏µ-(HD9200-91)-i.9585389.8501078487?sp_atk=d0e810bb-fe62-48e4-a25d-16ed6309e0ba&xptdk=d0e810bb-fe62-48e4-a25d-16ed6309e0ba
11,[‡∏Ç‡∏≠‡∏á‡πÅ‡∏ó‡πâ‡∏õ‡∏£‡∏∞‡∏Å‡∏±‡∏ô‡∏®‡∏π‡∏ô‡∏¢‡πå] Gaabor GA-E45A02 ‡∏´‡∏°‡πâ‡∏≠‡∏ó‡∏≠‡∏î‡πÑ‡∏£‡πâ‡∏ô‡πâ‡∏≥‡∏°‡∏±‡∏ô ‡πÄ‡∏ï‡∏≤‡∏≠‡∏ö‡πÑ‡∏ü‡∏ü‡πâ‡∏≤ ‡πÄ‡∏ï‡∏≤‡∏≠‡∏ö‡∏•‡∏°‡∏£‡πâ‡∏≠‡∏ô Air Fryer ‡∏Ç‡∏ô‡∏≤‡∏î 4.5 ‡∏•‡∏¥‡∏ï‡∏£,"‡∏ø579 - ‡∏ø1,899",‡∏Ç‡∏≤‡∏¢‡πÅ‡∏•‡πâ‡∏ß 1.5‡∏û‡∏±‡∏ô ‡∏ä‡∏¥‡πâ‡∏ô,‡∏à‡∏±‡∏á‡∏´‡∏ß‡∏±‡∏î‡∏ô‡∏Ñ‡∏£‡∏õ‡∏ê‡∏°,https://shopee.co.th//-‡∏Ç‡∏≠‡∏á‡πÅ‡∏ó‡πâ‡∏õ‡∏£‡∏∞‡∏Å‡∏±‡∏ô‡∏®‡∏π‡∏ô‡∏¢‡πå-Gaabor-GA-E45A02-‡∏´‡∏°‡πâ‡∏≠‡∏ó‡∏≠‡∏î‡πÑ‡∏£‡πâ‡∏ô‡πâ‡∏≥‡∏°‡∏±‡∏ô-‡πÄ‡∏ï‡∏≤‡∏≠‡∏ö‡πÑ‡∏ü‡∏ü‡πâ‡∏≤-‡πÄ‡∏ï‡∏≤‡∏≠‡∏ö‡∏•‡∏°‡∏£‡πâ‡∏≠‡∏ô-Air-Fryer-‡∏Ç‡∏ô‡∏≤‡∏î-4.5-‡∏•‡∏¥‡∏ï‡∏£-i.494635716.20639804354?sp_atk=fc69927a-ae2d-4c5e-a47e-b15850c991d7&xptdk=fc69927a-ae2d-4c5e-a47e-b15850c991d7
12,üî•8.0L Air Fryer üî•‡∏´‡∏°‡πâ‡∏≠‡∏ó‡∏≠‡∏î‡∏≠‡∏≤‡∏Å‡∏≤‡∏®‡∏Ñ‡∏ß‡∏≤‡∏°‡∏à‡∏∏‡∏™‡∏π‡∏á‡∏Ç‡∏ô‡∏≤‡∏î‡πÉ‡∏´‡∏ç‡πà AF602D AIRFRYER (8.0 L) KT064 ‡πÄ‡∏Ñ‡∏£‡∏∑‡πà‡∏≠‡∏á‡∏ó‡∏≠‡∏î‡πÑ‡∏£‡πâ‡∏ô‡πâ‡∏≥‡∏°‡∏±‡∏ô ‡∏£‡∏±‡∏ö‡∏õ‡∏£‡∏∞‡∏Å‡∏±‡∏ô 5 ‡∏õ‡∏µ,"‡∏ø1,440 - ‡∏ø1,739",‡∏Ç‡∏≤‡∏¢‡πÅ‡∏•‡πâ‡∏ß 2.6‡∏û‡∏±‡∏ô ‡∏ä‡∏¥‡πâ‡∏ô,‡∏à‡∏±‡∏á‡∏´‡∏ß‡∏±‡∏î‡∏Å‡∏£‡∏∏‡∏á‡πÄ‡∏ó‡∏û‡∏°‡∏´‡∏≤‡∏ô‡∏Ñ‡∏£,https://shopee.co.th//üî•8.0L-Air-Fryer-üî•‡∏´‡∏°‡πâ‡∏≠‡∏ó‡∏≠‡∏î‡∏≠‡∏≤‡∏Å‡∏≤‡∏®‡∏Ñ‡∏ß‡∏≤‡∏°‡∏à‡∏∏‡∏™‡∏π‡∏á‡∏Ç‡∏ô‡∏≤‡∏î‡πÉ‡∏´‡∏ç‡πà-AF602D-AIRFRYER-(8.0-L)-KT064-‡πÄ‡∏Ñ‡∏£‡∏∑‡πà‡∏≠‡∏á‡∏ó‡∏≠‡∏î‡πÑ‡∏£‡πâ‡∏ô‡πâ‡∏≥‡∏°‡∏±‡∏ô-‡∏£‡∏±‡∏ö‡∏õ‡∏£‡∏∞‡∏Å‡∏±‡∏ô-5-‡∏õ‡∏µ-i.867125561.19148864913?sp_atk=4cd9cf5a-60d5-48f2-a9fd-b34ddfffb6c5&xptdk=4cd9cf5a-60d5-48f2-a9fd-b34ddfffb6c5
13,Philips AirFryer ‡∏´‡∏°‡πâ‡∏≠‡∏ó‡∏≠‡∏î‡∏≠‡∏≤‡∏Å‡∏≤‡∏®‡∏ü‡∏¥‡∏•‡∏¥‡∏õ‡∏™‡πå HD9200/91,"‡∏ø3,290",‡∏Ç‡∏≤‡∏¢‡πÅ‡∏•‡πâ‡∏ß 30.6‡∏û‡∏±‡∏ô ‡∏ä‡∏¥‡πâ‡∏ô,‡∏à‡∏±‡∏á‡∏´‡∏ß‡∏±‡∏î‡∏™‡∏°‡∏∏‡∏ó‡∏£‡∏õ‡∏£‡∏≤‡∏Å‡∏≤‡∏£,https://shopee.co.th//Philips-AirFryer-‡∏´‡∏°‡πâ‡∏≠‡∏ó‡∏≠‡∏î‡∏≠‡∏≤‡∏Å‡∏≤‡∏®‡∏ü‡∏¥‡∏•‡∏¥‡∏õ‡∏™‡πå-HD9200-91-i.17331040.3259332649?sp_atk=1bc3cf59-78ac-491d-a24f-9e6ea370e9fb&xptdk=1bc3cf59-78ac-491d-a24f-9e6ea370e9fb
14,MABUY ‡∏´‡∏°‡πâ‡∏≠‡∏≠‡∏ö‡∏•‡∏°‡∏£‡πâ‡∏≠‡∏ô 12 ‡∏•‡∏¥‡∏ï‡∏£ ‡∏´‡∏°‡πâ‡∏≠‡∏≠‡∏ö‡∏≠‡πÄ‡∏ô‡∏Å‡∏õ‡∏£‡∏∞‡∏™‡∏á‡∏Ñ‡πå ‡∏£‡∏∏‡πà‡∏ô HM98 Lightwave Machine HM98,‡∏ø799,‡∏Ç‡∏≤‡∏¢‡πÅ‡∏•‡πâ‡∏ß 83 ‡∏ä‡∏¥‡πâ‡∏ô,‡∏à‡∏±‡∏á‡∏´‡∏ß‡∏±‡∏î‡∏™‡∏°‡∏∏‡∏ó‡∏£‡∏™‡∏≤‡∏Ñ‡∏£,https://shopee.co.th//MABUY-‡∏´‡∏°‡πâ‡∏≠‡∏≠‡∏ö‡∏•‡∏°‡∏£‡πâ‡∏≠‡∏ô-12-‡∏•‡∏¥‡∏ï‡∏£-‡∏´‡∏°‡πâ‡∏≠‡∏≠‡∏ö‡∏≠‡πÄ‡∏ô‡∏Å‡∏õ‡∏£‡∏∞‡∏™‡∏á‡∏Ñ‡πå-‡∏£‡∏∏‡πà‡∏ô-HM98-Lightwave-Machine-HM98-i.32831482.1864645176?sp_atk=ef34d165-c59b-497b-9185-41688595008e&xptdk=ef34d165-c59b-497b-9185-41688595008e
15,‡∏´‡∏°‡πâ‡∏≠‡∏ó‡∏≠‡∏î‡πÑ‡∏£‡πâ‡∏ô‡πâ‡∏≥‡∏°‡∏±‡∏ô 3.2‡∏•‡∏¥‡∏ï‡∏£ ‡∏´‡∏°‡πâ‡∏≠‡∏ó‡∏≠‡∏î‡πÑ‡∏£‡πâ‡∏ô‡πâ‡∏≥‡∏°‡∏±‡∏ô ‡∏°‡∏≠‡∏ó‡∏≠‡∏î‡πÑ‡∏£‡πâ‡∏ô‡πâ‡∏≥‡∏°‡∏±‡∏ô‡∏≠‡πÄ‡∏ô‡∏Å‡∏õ‡∏£‡∏∞‡∏™‡∏á‡∏Ñ‡πå ‡∏´‡∏°‡πâ‡∏≠‡∏ó‡∏≠‡∏î‡πÑ‡∏ü‡∏ü‡πâ‡∏≤ ‡∏´‡∏°‡πâ‡∏≠‡∏ó‡∏≠‡∏î‡πÑ‡∏£‡πâ‡∏ô‡πâ‡∏≥‡∏°‡∏±‡∏ô,‡∏ø200 - ‡∏ø699,‡∏Ç‡∏≤‡∏¢‡πÅ‡∏•‡πâ‡∏ß 206 ‡∏ä‡∏¥‡πâ‡∏ô,‡∏à‡∏±‡∏á‡∏´‡∏ß‡∏±‡∏î‡∏Å‡∏£‡∏∏‡∏á‡πÄ‡∏ó‡∏û‡∏°‡∏´‡∏≤‡∏ô‡∏Ñ‡∏£,https://shopee.co.th//‡∏´‡∏°‡πâ‡∏≠‡∏ó‡∏≠‡∏î‡πÑ‡∏£‡πâ‡∏ô‡πâ‡∏≥‡∏°‡∏±‡∏ô-3.2‡∏•‡∏¥‡∏ï‡∏£-‡∏´‡∏°‡πâ‡∏≠‡∏ó‡∏≠‡∏î‡πÑ‡∏£‡πâ‡∏ô‡πâ‡∏≥‡∏°‡∏±‡∏ô-‡∏°‡∏≠‡∏ó‡∏≠‡∏î‡πÑ‡∏£‡πâ‡∏ô‡πâ‡∏≥‡∏°‡∏±‡∏ô‡∏≠‡πÄ‡∏ô‡∏Å‡∏õ‡∏£‡∏∞‡∏™‡∏á‡∏Ñ‡πå-‡∏´‡∏°‡πâ‡∏≠‡∏ó‡∏≠‡∏î‡πÑ‡∏ü‡∏ü‡πâ‡∏≤-‡∏´‡∏°‡πâ‡∏≠‡∏ó‡∏≠‡∏î‡πÑ‡∏£‡πâ‡∏ô‡πâ‡∏≥‡∏°‡∏±‡∏ô-i.670814799.20907693210?sp_atk=22c5efa3-fb99-4c06-a296-89d49d261c6e&xptdk=22c5efa3-fb99-4c06-a296-89d49d261c6e
16,Simplus 5.5 Air Fryer ‡∏•‡∏¥‡∏ï‡∏£ ‡∏´‡∏°‡πâ‡∏≠‡∏ó‡∏≠‡∏î‡πÑ‡∏£‡πâ‡∏ô‡πâ‡∏≥‡∏°‡∏±‡∏ô ‡∏´‡∏°‡πâ‡∏≠‡∏ó‡∏≠‡∏î‡πÑ‡∏£‡πâ‡∏ô‡πâ‡∏≥‡∏°‡∏±‡∏ô‡πÄ‡∏≠‡∏ô‡∏Å‡∏õ‡∏£‡∏∞‡∏™‡∏á‡∏Ñ‡πå‡πÅ‡∏ö‡∏ö‡∏°‡∏± KQZG001,"‡∏ø869 - ‡∏ø1,199",‡∏Ç‡∏≤‡∏¢‡πÅ‡∏•‡πâ‡∏ß 7.6‡∏û‡∏±‡∏ô ‡∏ä‡∏¥‡πâ‡∏ô,‡∏à‡∏±‡∏á‡∏´‡∏ß‡∏±‡∏î‡∏™‡∏°‡∏∏‡∏ó‡∏£‡∏õ‡∏£‡∏≤‡∏Å‡∏≤‡∏£,https://shopee.co.th//Simplus-5.5-Air-Fryer-‡∏•‡∏¥‡∏ï‡∏£-‡∏´‡∏°‡πâ‡∏≠‡∏ó‡∏≠‡∏î‡πÑ‡∏£‡πâ‡∏ô‡πâ‡∏≥‡∏°‡∏±‡∏ô-‡∏´‡∏°‡πâ‡∏≠‡∏ó‡∏≠‡∏î‡πÑ‡∏£‡πâ‡∏ô‡πâ‡∏≥‡∏°‡∏±‡∏ô‡πÄ‡∏≠‡∏ô‡∏Å‡∏õ‡∏£‡∏∞‡∏™‡∏á‡∏Ñ‡πå‡πÅ‡∏ö‡∏ö‡∏°‡∏±-KQZG001-i.448235616.7397842893?sp_atk=3b7a04ca-fc9f-455f-85e4-0757e847f416&xptdk=3b7a04ca-fc9f-455f-85e4-0757e847f416
17,‡∏´‡∏°‡πâ‡∏≠‡∏ó‡∏≠‡∏î‡πÑ‡∏£‡πâ‡∏ô‡πâ‡∏≥‡∏°‡∏±‡∏ô 8 ‡∏•‡∏¥‡∏ï‡∏£ ‡πÉ‡∏´‡∏ç‡πà‡∏à‡∏∏‡πÉ‡∏à Air Fryer Large High-Capacity Air Fryer AF602D DH308 GT078 GT178 AIRFRYER,"‡∏ø1,440 - ‡∏ø1,739",‡∏Ç‡∏≤‡∏¢‡πÅ‡∏•‡πâ‡∏ß 2.9‡∏û‡∏±‡∏ô ‡∏ä‡∏¥‡πâ‡∏ô,‡∏à‡∏±‡∏á‡∏´‡∏ß‡∏±‡∏î‡∏Å‡∏£‡∏∏‡∏á‡πÄ‡∏ó‡∏û‡∏°‡∏´‡∏≤‡∏ô‡∏Ñ‡∏£,https://shopee.co.th//‡∏´‡∏°‡πâ‡∏≠‡∏ó‡∏≠‡∏î‡πÑ‡∏£‡πâ‡∏ô‡πâ‡∏≥‡∏°‡∏±‡∏ô-8-‡∏•‡∏¥‡∏ï‡∏£-‡πÉ‡∏´‡∏ç‡πà‡∏à‡∏∏‡πÉ‡∏à-Air-Fryer-Large-High-Capacity-Air-Fryer-AF602D-DH308-GT078-GT178-AIRFRYER-i.718081675.21042736096?sp_atk=47400a6c-0625-431a-a945-ecd21aff0eb2&xptdk=47400a6c-0625-431a-a945-ecd21aff0eb2
18,LENODI ‡∏´‡∏°‡πâ‡∏≠‡∏ó‡∏≠‡∏î‡πÑ‡∏£‡πâ‡∏ô‡πâ‡∏≥‡∏°‡∏±‡∏ô 7.0L ‡∏Ñ‡∏ß‡∏≤‡∏°‡∏à‡∏∏ ‡∏£‡∏∞‡∏ö‡∏ö‡∏´‡∏°‡∏∏‡∏ô‡πÄ‡∏ß‡∏µ‡∏¢‡∏ô‡∏•‡∏°‡∏£‡πâ‡∏≠‡∏ô 360¬∞ Air Fryer ‡πÄ‡∏ï‡∏≤‡∏≠‡∏ö‡πÑ‡∏ü‡∏ü‡πâ‡∏≤ ‡πÄ‡∏ï‡∏≤‡∏≠‡∏ö‡∏•‡∏°‡∏£‡πâ‡∏≠‡∏ô ‡∏´‡∏°‡πâ‡∏≠‡∏≠‡∏ö‡∏•‡∏°‡∏£‡πâ‡∏≠‡∏ô ‡πÑ‡∏£‡πâ‡∏Ñ‡∏ß‡∏±‡∏ô,‡∏ø879,No Sale,‡∏à‡∏±‡∏á‡∏´‡∏ß‡∏±‡∏î‡∏™‡∏°‡∏∏‡∏ó‡∏£‡∏™‡∏≤‡∏Ñ‡∏£,https://shopee.co.th//LENODI-‡∏´‡∏°‡πâ‡∏≠‡∏ó‡∏≠‡∏î‡πÑ‡∏£‡πâ‡∏ô‡πâ‡∏≥‡∏°‡∏±‡∏ô-7.0L-‡∏Ñ‡∏ß‡∏≤‡∏°‡∏à‡∏∏-‡∏£‡∏∞‡∏ö‡∏ö‡∏´‡∏°‡∏∏‡∏ô‡πÄ‡∏ß‡∏µ‡∏¢‡∏ô‡∏•‡∏°‡∏£‡πâ‡∏≠‡∏ô-360¬∞-Air-Fryer-‡πÄ‡∏ï‡∏≤‡∏≠‡∏ö‡πÑ‡∏ü‡∏ü‡πâ‡∏≤-‡πÄ‡∏ï‡∏≤‡∏≠‡∏ö‡∏•‡∏°‡∏£‡πâ‡∏≠‡∏ô-‡∏´‡∏°‡πâ‡∏≠‡∏≠‡∏ö‡∏•‡∏°‡∏£‡πâ‡∏≠‡∏ô-‡πÑ‡∏£‡πâ‡∏Ñ‡∏ß‡∏±‡∏ô-i.378359381.11896009842?sp_atk=1f6f0987-6c9f-41d1-990f-fc935b9c2323&xptdk=1f6f0987-6c9f-41d1-990f-fc935b9c2323
19,PHILIPS Air Fryer ‡∏´‡∏°‡πâ‡∏≠‡∏ó‡∏≠‡∏î‡πÑ‡∏£‡πâ‡∏ô‡πâ‡∏≥‡∏°‡∏±‡∏ô ‡∏Ç‡∏ô‡∏≤‡∏î 8L DH308‡∏´‡∏°‡πâ‡∏≠‡∏ó‡∏≠‡∏î‡πÑ‡∏ü‡∏ü‡πâ‡∏≤ ‡∏£‡∏∞‡∏ö‡∏ö‡∏™‡∏±‡∏°‡∏ú‡∏±‡∏™ ‡∏à‡∏≠‡πÅ‡∏™‡∏î‡∏á‡∏ú‡∏•,"‡∏ø1,499",‡∏Ç‡∏≤‡∏¢‡πÅ‡∏•‡πâ‡∏ß 1.4‡∏û‡∏±‡∏ô ‡∏ä‡∏¥‡πâ‡∏ô,‡∏à‡∏±‡∏á‡∏´‡∏ß‡∏±‡∏î‡∏Å‡∏£‡∏∏‡∏á‡πÄ‡∏ó‡∏û‡∏°‡∏´‡∏≤‡∏ô‡∏Ñ‡∏£,https://shopee.co.th//PHILIPS-Air-Fryer-‡∏´‡∏°‡πâ‡∏≠‡∏ó‡∏≠‡∏î‡πÑ‡∏£‡πâ‡∏ô‡πâ‡∏≥‡∏°‡∏±‡∏ô-‡∏Ç‡∏ô‡∏≤‡∏î-8L-DH308‡∏´‡∏°‡πâ‡∏≠‡∏ó‡∏≠‡∏î‡πÑ‡∏ü‡∏ü‡πâ‡∏≤-‡∏£‡∏∞‡∏ö‡∏ö‡∏™‡∏±‡∏°‡∏ú‡∏±‡∏™-‡∏à‡∏≠‡πÅ‡∏™‡∏î‡∏á‡∏ú‡∏•-i.898339232.23604821541?sp_atk=0b24fe5f-229f-463c-abad-64a4765d5886&xptdk=0b24fe5f-229f-463c-abad-64a4765d5886
20,[‡∏Ç‡∏≠‡∏á‡πÅ‡∏ó‡πâ‡∏õ‡∏£‡∏∞‡∏Å‡∏±‡∏ô‡∏®‡∏π‡∏ô‡∏¢‡πå] Gaabor Air fryer ‡∏£‡∏ß‡∏°‡∏£‡∏∏‡πà‡∏ô‡∏´‡∏°‡πâ‡∏≠‡∏ó‡∏≠‡∏î‡πÑ‡∏£‡πâ‡∏ô‡πâ‡∏≥‡∏°‡∏±‡∏ô‡∏Ç‡∏≤‡∏¢‡∏î‡∏µ‡∏≠‡∏±‡∏ô‡∏î‡∏±‡∏ö1 ‡∏Ç‡∏ô‡∏≤‡∏î 3.5 ‡∏•‡∏¥‡∏ï‡∏£ ‡πÅ‡∏•‡∏∞ 4.5 ‡∏•‡∏¥‡∏ï‡∏£,"‡∏ø699 - ‡∏ø1,219",‡∏Ç‡∏≤‡∏¢‡πÅ‡∏•‡πâ‡∏ß 27.3‡∏û‡∏±‡∏ô ‡∏ä‡∏¥‡πâ‡∏ô,‡∏à‡∏±‡∏á‡∏´‡∏ß‡∏±‡∏î‡∏Å‡∏£‡∏∏‡∏á‡πÄ‡∏ó‡∏û‡∏°‡∏´‡∏≤‡∏ô‡∏Ñ‡∏£,https://shopee.co.th//-‡∏Ç‡∏≠‡∏á‡πÅ‡∏ó‡πâ‡∏õ‡∏£‡∏∞‡∏Å‡∏±‡∏ô‡∏®‡∏π‡∏ô‡∏¢‡πå-Gaabor-Air-fryer-‡∏£‡∏ß‡∏°‡∏£‡∏∏‡πà‡∏ô‡∏´‡∏°‡πâ‡∏≠‡∏ó‡∏≠‡∏î‡πÑ‡∏£‡πâ‡∏ô‡πâ‡∏≥‡∏°‡∏±‡∏ô‡∏Ç‡∏≤‡∏¢‡∏î‡∏µ‡∏≠‡∏±‡∏ô‡∏î‡∏±‡∏ö1-‡∏Ç‡∏ô‡∏≤‡∏î-3.5-‡∏•‡∏¥‡∏ï‡∏£-‡πÅ‡∏•‡∏∞-4.5-‡∏•‡∏¥‡∏ï‡∏£-i.494855778.13618405931?sp_atk=aa8c7c0b-ab21-405f-8487-932316c52974&xptdk=aa8c7c0b-ab21-405f-8487-932316c52974
21,‡∏´‡∏°‡πâ‡∏≠‡∏ó‡∏≠‡∏î‡πÑ‡∏£‡πâ‡∏ô‡πâ‡∏≥‡∏°‡∏±‡∏ô Air Fryer ‡πÄ‡∏Ñ‡∏£‡∏∑‡πà‡∏≠‡∏á‡∏ó‡∏≠‡∏î‡πÑ‡∏ü‡∏ü‡πâ‡∏≤‡πÑ‡∏£‡πâ‡∏ô‡πâ‡∏≥‡∏°‡∏±‡∏ô‡∏≠‡πÄ‡∏ô‡∏Å‡∏õ‡∏£‡∏∞‡∏™‡∏á‡∏Ñ‡πå ‡∏´‡∏°‡πâ‡∏≠‡∏ó‡∏≠‡∏î‡πÑ‡∏ü‡∏ü‡πâ‡∏≤‡πÑ‡∏£‡πâ‡∏ô‡πâ‡∏≥‡∏°‡∏±‡∏ô‡πÄ‡∏û‡∏∑‡πà‡∏≠‡∏™‡∏∏‡∏Ç‡∏†‡∏≤‡∏û B50L,‡∏ø620 - ‡∏ø829,‡∏Ç‡∏≤‡∏¢‡πÅ‡∏•‡πâ‡∏ß 311 ‡∏ä‡∏¥‡πâ‡∏ô,‡∏à‡∏±‡∏á‡∏´‡∏ß‡∏±‡∏î‡∏Å‡∏£‡∏∏‡∏á‡πÄ‡∏ó‡∏û‡∏°‡∏´‡∏≤‡∏ô‡∏Ñ‡∏£,https://shopee.co.th//‡∏´‡∏°‡πâ‡∏≠‡∏ó‡∏≠‡∏î‡πÑ‡∏£‡πâ‡∏ô‡πâ‡∏≥‡∏°‡∏±‡∏ô-Air-Fryer-‡πÄ‡∏Ñ‡∏£‡∏∑‡πà‡∏≠‡∏á‡∏ó‡∏≠‡∏î‡πÑ‡∏ü‡∏ü‡πâ‡∏≤‡πÑ‡∏£‡πâ‡∏ô‡πâ‡∏≥‡∏°‡∏±‡∏ô‡∏≠‡πÄ‡∏ô‡∏Å‡∏õ‡∏£‡∏∞‡∏™‡∏á‡∏Ñ‡πå-‡∏´‡∏°‡πâ‡∏≠‡∏ó‡∏≠‡∏î‡πÑ‡∏ü‡∏ü‡πâ‡∏≤‡πÑ‡∏£‡πâ‡∏ô‡πâ‡∏≥‡∏°‡∏±‡∏ô‡πÄ‡∏û‡∏∑‡πà‡∏≠‡∏™‡∏∏‡∏Ç‡∏†‡∏≤‡∏û-B50L-i.147517486.3938203537?sp_atk=4f546f6c-c114-4020-9e1f-26f34683c30b&xptdk=4f546f6c-c114-4020-9e1f-26f34683c30b
22,INSSA ‡∏´‡∏°‡πâ‡∏≠‡∏ó‡∏≠‡∏î‡πÑ‡∏£‡πâ‡∏ô‡πâ‡∏≥‡∏°‡∏±‡∏ô‡∏Ñ‡∏ß‡∏≤‡∏°‡∏à‡∏∏‡∏Ç‡∏ô‡∏≤‡∏î‡πÉ‡∏´‡∏ç‡πà 4.5 ‡∏•‡∏¥‡∏ï‡∏£ ‡πÑ‡∏£‡πâ‡∏ô‡πâ‡∏≥‡∏°‡∏±‡∏ô ‡∏≠‡πÄ‡∏ô‡∏Å‡∏õ‡∏£‡∏∞‡∏™‡∏á‡∏Ñ‡πå ‡∏ï‡∏∞‡πÅ‡∏Å‡∏£‡∏á‡∏£‡∏≠‡∏á‡∏´‡∏°‡πâ‡∏≠‡∏ó‡∏≠‡∏î,"‡∏ø849 - ‡∏ø1,800",‡∏Ç‡∏≤‡∏¢‡πÅ‡∏•‡πâ‡∏ß 1.1‡∏û‡∏±‡∏ô ‡∏ä‡∏¥‡πâ‡∏ô,‡∏à‡∏±‡∏á‡∏´‡∏ß‡∏±‡∏î‡∏™‡∏°‡∏∏‡∏ó‡∏£‡∏õ‡∏£‡∏≤‡∏Å‡∏≤‡∏£,https://shopee.co.th//INSSA-‡∏´‡∏°‡πâ‡∏≠‡∏ó‡∏≠‡∏î‡πÑ‡∏£‡πâ‡∏ô‡πâ‡∏≥‡∏°‡∏±‡∏ô‡∏Ñ‡∏ß‡∏≤‡∏°‡∏à‡∏∏‡∏Ç‡∏ô‡∏≤‡∏î‡πÉ‡∏´‡∏ç‡πà-4.5-‡∏•‡∏¥‡∏ï‡∏£-‡πÑ‡∏£‡πâ‡∏ô‡πâ‡∏≥‡∏°‡∏±‡∏ô-‡∏≠‡πÄ‡∏ô‡∏Å‡∏õ‡∏£‡∏∞‡∏™‡∏á‡∏Ñ‡πå-‡∏ï‡∏∞‡πÅ‡∏Å‡∏£‡∏á‡∏£‡∏≠‡∏á‡∏´‡∏°‡πâ‡∏≠‡∏ó‡∏≠‡∏î-i.498791076.20500683297?sp_atk=bee89d27-dc22-4099-93af-773df03d5f65&xptdk=bee89d27-dc22-4099-93af-773df03d5f65
23,Phlinice ‡∏´‡∏°‡πâ‡∏≠‡∏ó‡∏≠‡∏î‡πÑ‡∏£‡πâ‡∏ô‡πâ‡∏≥‡∏°‡∏±‡∏ô‡∏Ñ‡∏ß‡∏≤‡∏°‡∏à‡∏∏‡∏Ç‡∏ô‡∏≤‡∏î‡πÉ‡∏´‡∏ç‡πà 5.5L‡∏•‡∏¥‡∏ï‡∏£ Healthy No Fryer ‡∏´‡∏°‡πâ‡∏≠‡∏ó‡∏≠‡∏î‡∏•‡∏°‡∏£‡πâ‡∏≠‡∏ô‡∏Ñ‡∏∏‡∏ì‡∏†‡∏≤‡∏û‡∏™‡∏π‡∏á‡πÅ‡∏•‡∏∞‡∏£‡∏≤‡∏Ñ‡∏≤‡∏ñ‡∏π‡∏Å ‡∏ó‡∏≥‡∏Ñ‡∏ß‡∏≤‡∏°‡∏™‡∏∞‡∏≠‡∏≤‡∏î‡∏á‡πà‡∏≤‡∏¢,‡∏ø859 - ‡∏ø959,‡∏Ç‡∏≤‡∏¢‡πÅ‡∏•‡πâ‡∏ß 5.8‡∏û‡∏±‡∏ô ‡∏ä‡∏¥‡πâ‡∏ô,‡∏à‡∏±‡∏á‡∏´‡∏ß‡∏±‡∏î‡∏™‡∏°‡∏∏‡∏ó‡∏£‡∏™‡∏≤‡∏Ñ‡∏£,https://shopee.co.th//Phlinice-‡∏´‡∏°‡πâ‡∏≠‡∏ó‡∏≠‡∏î‡πÑ‡∏£‡πâ‡∏ô‡πâ‡∏≥‡∏°‡∏±‡∏ô‡∏Ñ‡∏ß‡∏≤‡∏°‡∏à‡∏∏‡∏Ç‡∏ô‡∏≤‡∏î‡πÉ‡∏´‡∏ç‡πà-5.5L‡∏•‡∏¥‡∏ï‡∏£-Healthy-No-Fryer-‡∏´‡∏°‡πâ‡∏≠‡∏ó‡∏≠‡∏î‡∏•‡∏°‡∏£‡πâ‡∏≠‡∏ô‡∏Ñ‡∏∏‡∏ì‡∏†‡∏≤‡∏û‡∏™‡∏π‡∏á‡πÅ‡∏•‡∏∞‡∏£‡∏≤‡∏Ñ‡∏≤‡∏ñ‡∏π‡∏Å-‡∏ó‡∏≥‡∏Ñ‡∏ß‡∏≤‡∏°‡∏™‡∏∞‡∏≠‡∏≤‡∏î‡∏á‡πà‡∏≤‡∏¢-i.153308769.10315761689?sp_atk=c03c8699-38fc-4949-bec2-e21f6a7f3578&xptdk=c03c8699-38fc-4949-bec2-e21f6a7f3578
24,Simplus ‡∏´‡∏°‡πâ‡∏≠‡∏ó‡∏≠‡∏î‡πÑ‡∏£‡πâ‡∏ô‡πâ‡∏≥‡∏°‡∏±‡∏ô‡∏Ñ‡∏ß‡∏≤‡∏°‡∏à‡∏∏‡∏Ç‡∏ô‡∏≤‡∏î‡πÉ‡∏´‡∏ç‡πà 4.5 ‡∏•‡∏¥‡∏ï‡∏£  ‡∏ï‡∏∞‡πÅ‡∏Å‡∏£‡∏á‡∏£‡∏≠‡∏á‡∏´‡∏°‡πâ‡∏≠‡∏ó‡∏≠‡∏î Air Fryer KQZG007,‡∏ø879,‡∏Ç‡∏≤‡∏¢‡πÅ‡∏•‡πâ‡∏ß 194 ‡∏ä‡∏¥‡πâ‡∏ô,‡∏à‡∏±‡∏á‡∏´‡∏ß‡∏±‡∏î‡∏™‡∏°‡∏∏‡∏ó‡∏£‡∏õ‡∏£‡∏≤‡∏Å‡∏≤‡∏£,https://shopee.co.th//Simplus-‡∏´‡∏°‡πâ‡∏≠‡∏ó‡∏≠‡∏î‡πÑ‡∏£‡πâ‡∏ô‡πâ‡∏≥‡∏°‡∏±‡∏ô‡∏Ñ‡∏ß‡∏≤‡∏°‡∏à‡∏∏‡∏Ç‡∏ô‡∏≤‡∏î‡πÉ‡∏´‡∏ç‡πà-4.5-‡∏•‡∏¥‡∏ï‡∏£-‡∏ï‡∏∞‡πÅ‡∏Å‡∏£‡∏á‡∏£‡∏≠‡∏á‡∏´‡∏°‡πâ‡∏≠‡∏ó‡∏≠‡∏î-Air-Fryer-KQZG007-i.837801112.21545861361?sp_atk=38af2c9c-7c7e-4dde-818d-2a963e7ba5c4&xptdk=38af2c9c-7c7e-4dde-818d-2a963e7ba5c4
25,MABUY ‡∏´‡∏°‡πâ‡∏≠‡∏ó‡∏≠‡∏î‡πÑ‡∏£‡πâ‡∏ô‡πâ‡∏≥‡∏°‡∏±‡∏ô‡∏Ñ‡∏ß‡∏≤‡∏°‡∏à‡∏∏‡∏Ç‡∏ô‡∏≤‡∏î‡πÉ‡∏´‡∏ç‡πà5.5L‡∏•‡∏¥‡∏ï‡∏£ Healthy No Fryer ‡∏´‡∏°‡πâ‡∏≠‡∏ó‡∏≠‡∏î‡∏•‡∏°‡∏£‡πâ‡∏≠‡∏ô‡∏Ñ‡∏∏‡∏ì‡∏†‡∏≤‡∏û‡∏™‡∏π‡∏á‡πÅ‡∏•‡∏∞‡∏£‡∏≤‡∏Ñ‡∏≤‡∏ñ‡∏π‡∏Å ‡∏ó‡∏≥‡∏Ñ‡∏ß‡∏≤‡∏°‡∏™‡∏∞‡∏≠‡∏≤‡∏î‡∏á‡πà‡∏≤‡∏¢ Air fryer,‡∏ø659 - ‡∏ø949,‡∏Ç‡∏≤‡∏¢‡πÅ‡∏•‡πâ‡∏ß 150 ‡∏ä‡∏¥‡πâ‡∏ô,‡∏à‡∏±‡∏á‡∏´‡∏ß‡∏±‡∏î‡∏™‡∏°‡∏∏‡∏ó‡∏£‡∏™‡∏≤‡∏Ñ‡∏£,https://shopee.co.th//MABUY-‡∏´‡∏°‡πâ‡∏≠‡∏ó‡∏≠‡∏î‡πÑ‡∏£‡πâ‡∏ô‡πâ‡∏≥‡∏°‡∏±‡∏ô‡∏Ñ‡∏ß‡∏≤‡∏°‡∏à‡∏∏‡∏Ç‡∏ô‡∏≤‡∏î‡πÉ‡∏´‡∏ç‡πà5.5L‡∏•‡∏¥‡∏ï‡∏£-Healthy-No-Fryer-‡∏´‡∏°‡πâ‡∏≠‡∏ó‡∏≠‡∏î‡∏•‡∏°‡∏£‡πâ‡∏≠‡∏ô‡∏Ñ‡∏∏‡∏ì‡∏†‡∏≤‡∏û‡∏™‡∏π‡∏á‡πÅ‡∏•‡∏∞‡∏£‡∏≤‡∏Ñ‡∏≤‡∏ñ‡∏π‡∏Å-‡∏ó‡∏≥‡∏Ñ‡∏ß‡∏≤‡∏°‡∏™‡∏∞‡∏≠‡∏≤‡∏î‡∏á‡πà‡∏≤‡∏¢-Air-fryer-i.32831482.6416229226?sp_atk=f8c90f83-9c29-4ab1-bce9-e03b5983073e&xptdk=f8c90f83-9c29-4ab1-bce9-e03b5983073e
26,KOALA ‡∏´‡∏°‡πâ‡∏≠‡∏ó‡∏≠‡∏î‡πÑ‡∏£‡πâ‡∏ô‡πâ‡∏≥‡∏°‡∏±‡∏ô ‡∏Ç‡∏ô‡∏≤‡∏î 2.5L 4.5L 5L Air Fryer ‡πÄ‡∏Ñ‡∏£‡∏∑‡πà‡∏≠‡∏á‡∏ó‡∏≠‡∏î‡πÑ‡∏ü‡∏ü‡πâ‡∏≤‡πÑ‡∏£‡πâ‡∏ô‡πâ‡∏≥‡∏°‡∏±‡∏ô‡∏≠‡πÄ‡∏ô‡∏Å‡∏õ‡∏£‡∏∞‡∏™‡∏á‡∏Ñ‡πå ‡∏´‡∏°‡πâ‡∏≠‡∏ó‡∏≠‡∏î‡πÑ‡∏ü‡∏ü‡πâ‡∏≤‡πÑ‡∏£‡πâ‡∏ô‡πâ‡∏≥‡∏°‡∏±‡∏ô‡πÄ‡∏û‡∏∑‡πà‡∏≠‡∏™‡∏∏‡∏Ç‡∏†‡∏≤‡∏û,‡∏ø790 - ‡∏ø890,‡∏Ç‡∏≤‡∏¢‡πÅ‡∏•‡πâ‡∏ß 5.6‡∏û‡∏±‡∏ô ‡∏ä‡∏¥‡πâ‡∏ô,‡∏à‡∏±‡∏á‡∏´‡∏ß‡∏±‡∏î‡∏Å‡∏£‡∏∏‡∏á‡πÄ‡∏ó‡∏û‡∏°‡∏´‡∏≤‡∏ô‡∏Ñ‡∏£,https://shopee.co.th//KOALA-‡∏´‡∏°‡πâ‡∏≠‡∏ó‡∏≠‡∏î‡πÑ‡∏£‡πâ‡∏ô‡πâ‡∏≥‡∏°‡∏±‡∏ô-‡∏Ç‡∏ô‡∏≤‡∏î-2.5L-4.5L-5L-Air-Fryer-‡πÄ‡∏Ñ‡∏£‡∏∑‡πà‡∏≠‡∏á‡∏ó‡∏≠‡∏î‡πÑ‡∏ü‡∏ü‡πâ‡∏≤‡πÑ‡∏£‡πâ‡∏ô‡πâ‡∏≥‡∏°‡∏±‡∏ô‡∏≠‡πÄ‡∏ô‡∏Å‡∏õ‡∏£‡∏∞‡∏™‡∏á‡∏Ñ‡πå-‡∏´‡∏°‡πâ‡∏≠‡∏ó‡∏≠‡∏î‡πÑ‡∏ü‡∏ü‡πâ‡∏≤‡πÑ‡∏£‡πâ‡∏ô‡πâ‡∏≥‡∏°‡∏±‡∏ô‡πÄ‡∏û‡∏∑‡πà‡∏≠‡∏™‡∏∏‡∏Ç‡∏†‡∏≤‡∏û-i.177447643.6441764542?sp_atk=331b4f9d-c16f-4239-ad78-ecd18a2fb06c&xptdk=331b4f9d-c16f-4239-ad78-ecd18a2fb06c
27,Air Fryer ‡∏´‡∏°‡πâ‡∏≠‡∏ó‡∏≠‡∏î‡πÑ‡∏£‡πâ‡∏ô‡πâ‡∏≥‡∏°‡∏±‡∏ô ‡∏Ç‡∏ô‡∏≤‡∏î 4.5L ‡∏à‡∏≠‡πÅ‡∏™‡∏î‡∏á‡∏ú‡∏• LED ‡πÄ‡∏ï‡∏≤‡∏≠‡∏ö‡∏•‡∏°‡∏£‡πâ‡∏≠‡∏ô360¬∞ ‡∏´‡∏°‡πâ‡∏≠‡∏ó‡∏≠‡∏î‡πÑ‡∏ü‡∏ü‡πâ‡∏≤ ‡πÄ‡∏û‡∏∑‡πà‡∏≠‡∏Å‡∏≤‡∏£‡∏û‡∏≤‡∏ì‡∏¥‡∏ä‡∏¢‡πå ‡πÄ‡∏Ñ‡∏£‡∏∑‡πà‡∏≠‡∏á‡∏ó‡∏≠‡∏î‡πÑ‡∏£‡πâ‡∏ô‡πâ‡∏≥‡∏°‡∏±‡∏ô,‡∏ø799,‡∏Ç‡∏≤‡∏¢‡πÅ‡∏•‡πâ‡∏ß 340 ‡∏ä‡∏¥‡πâ‡∏ô,‡∏à‡∏±‡∏á‡∏´‡∏ß‡∏±‡∏î‡∏Å‡∏£‡∏∏‡∏á‡πÄ‡∏ó‡∏û‡∏°‡∏´‡∏≤‡∏ô‡∏Ñ‡∏£,https://shopee.co.th//Air-Fryer-‡∏´‡∏°‡πâ‡∏≠‡∏ó‡∏≠‡∏î‡πÑ‡∏£‡πâ‡∏ô‡πâ‡∏≥‡∏°‡∏±‡∏ô-‡∏Ç‡∏ô‡∏≤‡∏î-4.5L-‡∏à‡∏≠‡πÅ‡∏™‡∏î‡∏á‡∏ú‡∏•-LED-‡πÄ‡∏ï‡∏≤‡∏≠‡∏ö‡∏•‡∏°‡∏£‡πâ‡∏≠‡∏ô360¬∞-‡∏´‡∏°‡πâ‡∏≠‡∏ó‡∏≠‡∏î‡πÑ‡∏ü‡∏ü‡πâ‡∏≤-‡πÄ‡∏û‡∏∑‡πà‡∏≠‡∏Å‡∏≤‡∏£‡∏û‡∏≤‡∏ì‡∏¥‡∏ä‡∏¢‡πå-‡πÄ‡∏Ñ‡∏£‡∏∑‡πà‡∏≠‡∏á‡∏ó‡∏≠‡∏î‡πÑ‡∏£‡πâ‡∏ô‡πâ‡∏≥‡∏°‡∏±‡∏ô-i.65577027.21125657388?sp_atk=b33c5728-94ef-4744-8d25-df74a94a7695&xptdk=b33c5728-94ef-4744-8d25-df74a94a7695
28,Simplus ‡∏´‡∏°‡πâ‡∏≠‡∏ó‡∏≠‡∏î 5.5‡∏•‡∏¥‡∏ï‡∏£ ‡∏´‡∏°‡πâ‡∏≠‡∏ó‡∏≠‡∏î‡πÑ‡∏£‡πâ‡∏ô‡πâ‡∏≥‡∏°‡∏±‡∏ô AirFryer 1500W KQZG001,‡∏ø979,‡∏Ç‡∏≤‡∏¢‡πÅ‡∏•‡πâ‡∏ß 191 ‡∏ä‡∏¥‡πâ‡∏ô,‡∏à‡∏±‡∏á‡∏´‡∏ß‡∏±‡∏î‡∏™‡∏°‡∏∏‡∏ó‡∏£‡∏õ‡∏£‡∏≤‡∏Å‡∏≤‡∏£,https://shopee.co.th//Simplus-‡∏´‡∏°‡πâ‡∏≠‡∏ó‡∏≠‡∏î-5.5‡∏•‡∏¥‡∏ï‡∏£-‡∏´‡∏°‡πâ‡∏≠‡∏ó‡∏≠‡∏î‡πÑ‡∏£‡πâ‡∏ô‡πâ‡∏≥‡∏°‡∏±‡∏ô-AirFryer-1500W-KQZG001-i.837801112.17482207413?sp_atk=396312b4-5f85-4aeb-9a92-425d8c76cce5&xptdk=396312b4-5f85-4aeb-9a92-425d8c76cce5
29,[‡∏£‡∏±‡∏ö‡∏õ‡∏£‡∏∞‡∏Å‡∏±‡∏ô‡∏®‡∏π‡∏ô‡∏¢‡πå‡πÑ‡∏ó‡∏¢ 1‡∏õ‡∏µ] 5.5L Air Fryer ‡∏´‡∏ô‡πâ‡∏≤‡∏ï‡πà‡∏≤‡∏á‡∏™‡∏£‡πâ‡∏≤‡∏á‡∏†‡∏≤‡∏û  ‡∏´‡∏°‡πâ‡∏≠‡∏ó‡∏≠‡∏î‡πÑ‡∏£‡πâ‡∏ô‡πâ‡∏≥‡∏°‡∏±‡∏ô  ‡∏´‡∏°‡πâ‡∏≠‡∏ó‡∏≠‡∏î‡∏≠‡∏≤‡∏Å‡∏≤‡∏®  ‡∏ó‡∏≠‡∏î‡πÑ‡∏ü‡∏ü‡πâ‡∏≤‡πÑ‡∏£‡πâ‡∏ô‡πâ‡∏≥‡∏°‡∏±‡∏ô‡∏≠‡πÄ‡∏ô‡∏Å‡∏õ‡∏£‡∏∞‡∏™‡∏á‡∏Ñ‡πå,"‡∏ø1,299 - ‡∏ø1,899",‡∏Ç‡∏≤‡∏¢‡πÅ‡∏•‡πâ‡∏ß 1.3‡∏û‡∏±‡∏ô ‡∏ä‡∏¥‡πâ‡∏ô,‡∏à‡∏±‡∏á‡∏´‡∏ß‡∏±‡∏î‡∏Å‡∏£‡∏∏‡∏á‡πÄ‡∏ó‡∏û‡∏°‡∏´‡∏≤‡∏ô‡∏Ñ‡∏£,https://shopee.co.th//-‡∏£‡∏±‡∏ö‡∏õ‡∏£‡∏∞‡∏Å‡∏±‡∏ô‡∏®‡∏π‡∏ô‡∏¢‡πå‡πÑ‡∏ó‡∏¢-1‡∏õ‡∏µ-5.5L-Air-Fryer-‡∏´‡∏ô‡πâ‡∏≤‡∏ï‡πà‡∏≤‡∏á‡∏™‡∏£‡πâ‡∏≤‡∏á‡∏†‡∏≤‡∏û-‡∏´‡∏°‡πâ‡∏≠‡∏ó‡∏≠‡∏î‡πÑ‡∏£‡πâ‡∏ô‡πâ‡∏≥‡∏°‡∏±‡∏ô-‡∏´‡∏°‡πâ‡∏≠‡∏ó‡∏≠‡∏î‡∏≠‡∏≤‡∏Å‡∏≤‡∏®-‡∏ó‡∏≠‡∏î‡πÑ‡∏ü‡∏ü‡πâ‡∏≤‡πÑ‡∏£‡πâ‡∏ô‡πâ‡∏≥‡∏°‡∏±‡∏ô‡∏≠‡πÄ‡∏ô‡∏Å‡∏õ‡∏£‡∏∞‡∏™‡∏á‡∏Ñ‡πå-i.832846313.20235622473?sp_atk=49e5fbae-0dcd-4b82-ab55-0a1d50d91842&xptdk=49e5fbae-0dcd-4b82-ab55-0a1d50d91842
30,‚ùó‡∏™‡πà‡∏á‡∏ü‡∏£‡∏µ‚ùó ABL ‡∏´‡∏°‡πâ‡∏≠‡∏ó‡∏≠‡∏î‡πÑ‡∏£‡πâ‡∏ô‡πâ‡∏≥‡∏°‡∏±‡∏ô 6.5‡∏•‡∏¥‡∏ï‡∏£ ‡∏£‡∏±‡∏ö‡∏õ‡∏£‡∏∞‡∏Å‡∏±‡∏ô3‡∏õ‡∏µ ‡∏´‡∏°‡πâ‡∏≠‡∏ó‡∏≠‡∏î‡πÑ‡∏ü‡∏ü‡πâ‡∏≤ ‡∏´‡∏°‡πâ‡∏≠‡∏ó‡∏≠‡∏î‡πÄ‡∏ü‡∏£‡∏ô‡∏ü‡∏£‡∏≤‡∏¢ ‡∏´‡∏°‡πâ‡∏≠‡∏ó‡∏≠‡∏î‡∏•‡∏°‡∏£‡πâ‡∏≠‡∏ô ‡πÄ‡∏Ñ‡∏£‡∏∑‡πà‡∏≠‡∏á‡∏ó‡∏≠‡∏î‡πÑ‡∏ü‡∏ü‡πâ‡∏≤ 6.5L,‡∏ø979,‡∏Ç‡∏≤‡∏¢‡πÅ‡∏•‡πâ‡∏ß 44 ‡∏ä‡∏¥‡πâ‡∏ô,‡∏à‡∏±‡∏á‡∏´‡∏ß‡∏±‡∏î‡∏™‡∏°‡∏∏‡∏ó‡∏£‡∏õ‡∏£‡∏≤‡∏Å‡∏≤‡∏£,https://shopee.co.th//‚ùó‡∏™‡πà‡∏á‡∏ü‡∏£‡∏µ‚ùó-ABL-‡∏´‡∏°‡πâ‡∏≠‡∏ó‡∏≠‡∏î‡πÑ‡∏£‡πâ‡∏ô‡πâ‡∏≥‡∏°‡∏±‡∏ô-6.5‡∏•‡∏¥‡∏ï‡∏£-‡∏£‡∏±‡∏ö‡∏õ‡∏£‡∏∞‡∏Å‡∏±‡∏ô3‡∏õ‡∏µ-‡∏´‡∏°‡πâ‡∏≠‡∏ó‡∏≠‡∏î‡πÑ‡∏ü‡∏ü‡πâ‡∏≤-‡∏´‡∏°‡πâ‡∏≠‡∏ó‡∏≠‡∏î‡πÄ‡∏ü‡∏£‡∏ô‡∏ü‡∏£‡∏≤‡∏¢-‡∏´‡∏°‡πâ‡∏≠‡∏ó‡∏≠‡∏î‡∏•‡∏°‡∏£‡πâ‡∏≠‡∏ô-‡πÄ‡∏Ñ‡∏£‡∏∑‡πà‡∏≠‡∏á‡∏ó‡∏≠‡∏î‡πÑ‡∏ü‡∏ü‡πâ‡∏≤-6.5L-i.251574577.11344883881?sp_atk=a2d0258b-49da-4177-bb49-96941204ef00&xptdk=a2d0258b-49da-4177-bb49-96941204ef00
31,[‡∏Ç‡∏≠‡∏á‡πÅ‡∏ó‡πâ‡∏õ‡∏£‡∏∞‡∏Å‡∏±‡∏ô‡∏®‡∏π‡∏ô‡∏¢‡πå] Gaabor ‡∏´‡∏°‡πâ‡∏≠‡∏ó‡∏≠‡∏î‡πÑ‡∏£‡πâ‡∏ô‡πâ‡∏≥‡∏°‡∏±‡∏ôAirfryer ‡πÄ‡∏ï‡∏≤‡∏≠‡∏ö‡∏•‡∏°‡∏£‡πâ‡∏≠‡∏ô360¬∞‡∏´‡∏ô‡πâ‡∏≤‡∏à‡∏≠‡∏î‡∏¥‡∏à‡∏¥‡∏ï‡∏≠‡∏• GA-E45A02 ‡∏Ç‡∏ô‡∏≤‡∏î4.5L ‡∏î‡∏µ‡πÑ‡∏ã‡∏ô‡πå‡πÄ‡∏¢‡∏≠‡∏£‡∏°‡∏±‡∏ô,‡∏ø999,‡∏Ç‡∏≤‡∏¢‡πÅ‡∏•‡πâ‡∏ß 3.1‡∏û‡∏±‡∏ô ‡∏ä‡∏¥‡πâ‡∏ô,‡∏à‡∏±‡∏á‡∏´‡∏ß‡∏±‡∏î‡∏Å‡∏£‡∏∏‡∏á‡πÄ‡∏ó‡∏û‡∏°‡∏´‡∏≤‡∏ô‡∏Ñ‡∏£,https://shopee.co.th//-‡∏Ç‡∏≠‡∏á‡πÅ‡∏ó‡πâ‡∏õ‡∏£‡∏∞‡∏Å‡∏±‡∏ô‡∏®‡∏π‡∏ô‡∏¢‡πå-Gaabor-‡∏´‡∏°‡πâ‡∏≠‡∏ó‡∏≠‡∏î‡πÑ‡∏£‡πâ‡∏ô‡πâ‡∏≥‡∏°‡∏±‡∏ôAirfryer-‡πÄ‡∏ï‡∏≤‡∏≠‡∏ö‡∏•‡∏°‡∏£‡πâ‡∏≠‡∏ô360¬∞‡∏´‡∏ô‡πâ‡∏≤‡∏à‡∏≠‡∏î‡∏¥‡∏à‡∏¥‡∏ï‡∏≠‡∏•-GA-E45A02-‡∏Ç‡∏ô‡∏≤‡∏î4.5L-‡∏î‡∏µ‡πÑ‡∏ã‡∏ô‡πå‡πÄ‡∏¢‡∏≠‡∏£‡∏°‡∏±‡∏ô-i.494855778.2998374424?sp_atk=060771d7-7467-4c4f-a798-651c98720966&xptdk=060771d7-7467-4c4f-a798-651c98720966
32,Simplus ‡∏´‡∏°‡πâ‡∏≠‡∏ó‡∏≠‡∏î‡πÑ‡∏£‡πâ‡∏ô‡πâ‡∏≥‡∏°‡∏±‡∏ô ‡πÉ‡∏´‡∏°‡πà 5L ‡∏Ñ‡∏ß‡∏≤‡∏°‡∏à‡∏∏‡∏Ç‡∏ô‡∏≤‡∏î‡πÉ‡∏´‡∏ç‡πà ‡∏´‡∏°‡πâ‡∏≠‡∏ó‡∏≠‡∏î‡πÑ‡∏£‡πâ‡∏ô‡πâ‡∏≥‡∏°‡∏±‡∏ô‡∏°‡∏±‡∏•‡∏ï‡∏¥‡∏ü‡∏±‡∏á‡∏Å‡πå‡∏ä‡∏±‡πà‡∏ô ‡πÑ‡∏£‡πâ‡∏ô‡πâ‡∏≥‡∏°‡∏±‡∏ô  LCD KQZG005 KQZG005,"‡∏ø1,099",‡∏Ç‡∏≤‡∏¢‡πÅ‡∏•‡πâ‡∏ß 2 ‡∏ä‡∏¥‡πâ‡∏ô,‡∏à‡∏±‡∏á‡∏´‡∏ß‡∏±‡∏î‡∏™‡∏°‡∏∏‡∏ó‡∏£‡∏õ‡∏£‡∏≤‡∏Å‡∏≤‡∏£,https://shopee.co.th//Simplus-‡∏´‡∏°‡πâ‡∏≠‡∏ó‡∏≠‡∏î‡πÑ‡∏£‡πâ‡∏ô‡πâ‡∏≥‡∏°‡∏±‡∏ô-‡πÉ‡∏´‡∏°‡πà-5L-‡∏Ñ‡∏ß‡∏≤‡∏°‡∏à‡∏∏‡∏Ç‡∏ô‡∏≤‡∏î‡πÉ‡∏´‡∏ç‡πà-‡∏´‡∏°‡πâ‡∏≠‡∏ó‡∏≠‡∏î‡πÑ‡∏£‡πâ‡∏ô‡πâ‡∏≥‡∏°‡∏±‡∏ô‡∏°‡∏±‡∏•‡∏ï‡∏¥‡∏ü‡∏±‡∏á‡∏Å‡πå‡∏ä‡∏±‡πà‡∏ô-‡πÑ‡∏£‡πâ‡∏ô‡πâ‡∏≥‡∏°‡∏±‡∏ô-LCD-KQZG005-KQZG005-i.837801112.18234544780?sp_atk=ea63b530-9a8b-4c05-91f7-af7436a0fe4d&xptdk=ea63b530-9a8b-4c05-91f7-af7436a0fe4d
33,LPZI COD ‡∏Ñ‡∏ß‡∏≤‡∏°‡∏à‡∏∏‡∏™‡∏π‡∏á 15L ‡∏´‡∏°‡πâ‡∏≠‡∏ó‡∏≠‡∏î‡πÑ‡∏ü‡∏ü‡πâ‡∏≤ ‡∏°‡∏±‡∏•‡∏ï‡∏¥‡∏ü‡∏±‡∏á‡∏Å‡πå‡∏ä‡∏±‡πà‡∏ô ‡πÄ‡∏ï‡∏≤‡∏≠‡∏ö‡∏•‡∏°‡∏£‡πâ‡∏≠‡∏ô ‡∏´‡∏°‡πâ‡∏≠‡∏ó‡∏≠‡∏î‡∏≠‡∏≤‡∏Å‡∏≤‡∏® air fryer oven ‡πÉ‡∏´‡πâ‡∏≠‡∏≠‡∏Å‡πÑ‡∏õ ‡πÄ‡∏Ñ‡∏£‡∏∑‡πà‡∏≠‡∏á‡∏ï‡∏µ‡πÑ‡∏Ç‡πà,"‡∏ø8,999",‡∏Ç‡∏≤‡∏¢‡πÅ‡∏•‡πâ‡∏ß 1 ‡∏ä‡∏¥‡πâ‡∏ô,‡∏à‡∏±‡∏á‡∏´‡∏ß‡∏±‡∏î‡∏™‡∏°‡∏∏‡∏ó‡∏£‡∏™‡∏≤‡∏Ñ‡∏£,https://shopee.co.th//LPZI-COD-‡∏Ñ‡∏ß‡∏≤‡∏°‡∏à‡∏∏‡∏™‡∏π‡∏á-15L-‡∏´‡∏°‡πâ‡∏≠‡∏ó‡∏≠‡∏î‡πÑ‡∏ü‡∏ü‡πâ‡∏≤-‡∏°‡∏±‡∏•‡∏ï‡∏¥‡∏ü‡∏±‡∏á‡∏Å‡πå‡∏ä‡∏±‡πà‡∏ô-‡πÄ‡∏ï‡∏≤‡∏≠‡∏ö‡∏•‡∏°‡∏£‡πâ‡∏≠‡∏ô-‡∏´‡∏°‡πâ‡∏≠‡∏ó‡∏≠‡∏î‡∏≠‡∏≤‡∏Å‡∏≤‡∏®-air-fryer-oven-‡πÉ‡∏´‡πâ‡∏≠‡∏≠‡∏Å‡πÑ‡∏õ-‡πÄ‡∏Ñ‡∏£‡∏∑‡πà‡∏≠‡∏á‡∏ï‡∏µ‡πÑ‡∏Ç‡πà-i.664084651.12687019603?sp_atk=8fa28a44-c4f0-4bec-ae1a-ab5009067a8c&xptdk=8fa28a44-c4f0-4bec-ae1a-ab5009067a8c
34,[‡∏û‡∏£‡πâ‡∏≠‡∏°‡∏™‡πà‡∏á]üåàKoLaLaüçü ‡∏´‡∏°‡πâ‡∏≠‡∏ó‡∏≠‡∏î‡πÑ‡∏£‡πâ‡∏ô‡πâ‡∏≥‡∏°‡∏±‡∏ô 4.5L  ‡∏•‡∏¥‡∏ï‡∏£ ‡∏´‡∏°‡πâ‡∏≠‡∏ó‡∏≠‡∏î‡πÑ‡∏£‡πâ‡∏ô‡πâ‡∏≥‡∏°‡∏±‡∏ô‡∏Ñ‡∏ß‡∏≤‡∏°‡∏à‡∏∏‡∏Ç‡∏ô‡∏≤‡∏î‡πÉ‡∏´‡∏ç‡πà KQZG007,‡∏ø879 - ‡∏ø889,‡∏Ç‡∏≤‡∏¢‡πÅ‡∏•‡πâ‡∏ß 284 ‡∏ä‡∏¥‡πâ‡∏ô,‡∏à‡∏±‡∏á‡∏´‡∏ß‡∏±‡∏î‡∏™‡∏°‡∏∏‡∏ó‡∏£‡∏õ‡∏£‡∏≤‡∏Å‡∏≤‡∏£,https://shopee.co.th//-‡∏û‡∏£‡πâ‡∏≠‡∏°‡∏™‡πà‡∏á-üåàKoLaLaüçü-‡∏´‡∏°‡πâ‡∏≠‡∏ó‡∏≠‡∏î‡πÑ‡∏£‡πâ‡∏ô‡πâ‡∏≥‡∏°‡∏±‡∏ô-4.5L-‡∏•‡∏¥‡∏ï‡∏£-‡∏´‡∏°‡πâ‡∏≠‡∏ó‡∏≠‡∏î‡πÑ‡∏£‡πâ‡∏ô‡πâ‡∏≥‡∏°‡∏±‡∏ô‡∏Ñ‡∏ß‡∏≤‡∏°‡∏à‡∏∏‡∏Ç‡∏ô‡∏≤‡∏î‡πÉ‡∏´‡∏ç‡πà-KQZG007-i.490758788.14711026099?sp_atk=256dff5f-4b46-4460-ad8e-13eadeefca7b&xptdk=256dff5f-4b46-4460-ad8e-13eadeefca7b
35,Simplus ‡∏´‡∏°‡πâ‡∏≠‡∏ó‡∏≠‡∏î‡πÑ‡∏£‡πâ‡∏ô‡πâ‡∏≥‡∏°‡∏±‡∏ô ‡∏Ñ‡∏ß‡∏≤‡∏°‡∏à‡∏∏‡∏Ç‡∏ô‡∏≤‡∏î‡πÉ‡∏´‡∏ç‡πà 5.5L  ‡∏ï‡∏∞‡πÅ‡∏Å‡∏£‡∏á‡∏ó‡∏µ‡πà‡∏ñ‡∏≠‡∏î‡∏≠‡∏≠‡∏Å‡πÑ‡∏î‡πâ ‡∏°‡∏±‡∏•‡∏ï‡∏¥‡∏ü‡∏±‡∏á‡∏Å‡πå‡∏ä‡∏±‡πà‡∏ô‡πÉ‡∏ä‡πâ‡πÑ‡∏î‡πâ‡∏´‡∏•‡∏≤‡∏Å‡∏´‡∏•‡∏≤‡∏¢ KQZG008BK01,‡∏ø979,‡∏Ç‡∏≤‡∏¢‡πÅ‡∏•‡πâ‡∏ß 74 ‡∏ä‡∏¥‡πâ‡∏ô,‡∏à‡∏±‡∏á‡∏´‡∏ß‡∏±‡∏î‡∏™‡∏°‡∏∏‡∏ó‡∏£‡∏õ‡∏£‡∏≤‡∏Å‡∏≤‡∏£,https://shopee.co.th//Simplus-‡∏´‡∏°‡πâ‡∏≠‡∏ó‡∏≠‡∏î‡πÑ‡∏£‡πâ‡∏ô‡πâ‡∏≥‡∏°‡∏±‡∏ô-‡∏Ñ‡∏ß‡∏≤‡∏°‡∏à‡∏∏‡∏Ç‡∏ô‡∏≤‡∏î‡πÉ‡∏´‡∏ç‡πà-5.5L-‡∏ï‡∏∞‡πÅ‡∏Å‡∏£‡∏á‡∏ó‡∏µ‡πà‡∏ñ‡∏≠‡∏î‡∏≠‡∏≠‡∏Å‡πÑ‡∏î‡πâ-‡∏°‡∏±‡∏•‡∏ï‡∏¥‡∏ü‡∏±‡∏á‡∏Å‡πå‡∏ä‡∏±‡πà‡∏ô‡πÉ‡∏ä‡πâ‡πÑ‡∏î‡πâ‡∏´‡∏•‡∏≤‡∏Å‡∏´‡∏•‡∏≤‡∏¢-KQZG008BK01-i.837801112.21834585596?sp_atk=2cac0418-988f-417e-ab36-a8fbf708b45d&xptdk=2cac0418-988f-417e-ab36-a8fbf708b45d
36,PHILIPS ‡∏´‡∏°‡πâ‡∏≠‡∏ó‡∏≠‡∏î‡πÑ‡∏£‡πâ‡∏ô‡πâ‡∏≥‡∏°‡∏±‡∏ô 5.5 ‡∏•‡∏¥‡∏ï‡∏£ ‡πÉ‡∏´‡∏ç‡πà‡∏à‡∏∏‡πÉ‡∏à Air Fryer Large High-Capacity Air Fryer GT-078AIRFRYER (5.5 L),"‡∏ø1,440",‡∏Ç‡∏≤‡∏¢‡πÅ‡∏•‡πâ‡∏ß 1.2‡∏û‡∏±‡∏ô ‡∏ä‡∏¥‡πâ‡∏ô,‡∏à‡∏±‡∏á‡∏´‡∏ß‡∏±‡∏î‡∏Å‡∏£‡∏∏‡∏á‡πÄ‡∏ó‡∏û‡∏°‡∏´‡∏≤‡∏ô‡∏Ñ‡∏£,https://shopee.co.th//PHILIPS-‡∏´‡∏°‡πâ‡∏≠‡∏ó‡∏≠‡∏î‡πÑ‡∏£‡πâ‡∏ô‡πâ‡∏≥‡∏°‡∏±‡∏ô-5.5-‡∏•‡∏¥‡∏ï‡∏£-‡πÉ‡∏´‡∏ç‡πà‡∏à‡∏∏‡πÉ‡∏à-Air-Fryer-Large-High-Capacity-Air-Fryer-GT-078AIRFRYER-(5.5-L)-i.921060740.18068825551?sp_atk=99022aa8-859a-488b-9ff6-3c2448babcc2&xptdk=99022aa8-859a-488b-9ff6-3c2448babcc2
37,HANRIVER ‡∏´‡∏°‡πâ‡∏≠‡∏ó‡∏≠‡∏î ‡∏´‡∏°‡πâ‡∏≠‡∏ó‡∏≠‡∏î‡πÑ‡∏£‡πâ‡∏ô‡πâ‡∏≥‡∏°‡∏±‡∏ô 4.5L ‡∏Å‡∏≥‡∏•‡∏±‡∏á‡πÑ‡∏ü‡∏Ç‡∏ô‡∏≤‡∏î‡πÉ‡∏´‡∏ç‡πà 1200W ‡∏´‡∏°‡πâ‡∏≠‡∏ó‡∏≠‡∏î‡πÑ‡∏ü‡∏ü‡πâ‡∏≤ ‡πÅ‡∏ú‡∏á‡∏™‡∏°‡∏≤‡∏£‡πå‡∏ó,‡∏ø809,‡∏Ç‡∏≤‡∏¢‡πÅ‡∏•‡πâ‡∏ß 61 ‡∏ä‡∏¥‡πâ‡∏ô,‡∏à‡∏±‡∏á‡∏´‡∏ß‡∏±‡∏î‡∏™‡∏°‡∏∏‡∏ó‡∏£‡∏™‡∏≤‡∏Ñ‡∏£,https://shopee.co.th//HANRIVER-‡∏´‡∏°‡πâ‡∏≠‡∏ó‡∏≠‡∏î-‡∏´‡∏°‡πâ‡∏≠‡∏ó‡∏≠‡∏î‡πÑ‡∏£‡πâ‡∏ô‡πâ‡∏≥‡∏°‡∏±‡∏ô-4.5L-‡∏Å‡∏≥‡∏•‡∏±‡∏á‡πÑ‡∏ü‡∏Ç‡∏ô‡∏≤‡∏î‡πÉ‡∏´‡∏ç‡πà-1200W-‡∏´‡∏°‡πâ‡∏≠‡∏ó‡∏≠‡∏î‡πÑ‡∏ü‡∏ü‡πâ‡∏≤-‡πÅ‡∏ú‡∏á‡∏™‡∏°‡∏≤‡∏£‡πå‡∏ó-i.607131642.15209516101?sp_atk=00b81e3e-20f5-44e4-a60d-16700821a8a4&xptdk=00b81e3e-20f5-44e4-a60d-16700821a8a4
38,[TARGET]‡∏´‡∏°‡πâ‡∏≠‡∏ó‡∏≠‡∏î‡πÑ‡∏£‡πâ‡∏ô‡πâ‡∏≥‡∏°‡∏±‡∏ô ‡∏Ñ‡∏ß‡∏≤‡∏°‡∏à‡∏∏‡∏Ç‡∏ô‡∏≤‡∏î‡πÉ‡∏´‡∏ç‡πà ‡∏Ç‡∏à‡∏±‡∏î‡πÑ‡∏Ç‡∏°‡∏±‡∏ô ‡∏≠‡∏£‡πà‡∏≠‡∏¢‡∏á‡πà‡∏≤‡∏¢‡∏ó‡∏∏‡∏Å‡πÄ‡∏°‡∏ô‡∏π,‡∏ø799,‡∏Ç‡∏≤‡∏¢‡πÅ‡∏•‡πâ‡∏ß 347 ‡∏ä‡∏¥‡πâ‡∏ô,‡∏à‡∏±‡∏á‡∏´‡∏ß‡∏±‡∏î‡∏™‡∏°‡∏∏‡∏ó‡∏£‡∏õ‡∏£‡∏≤‡∏Å‡∏≤‡∏£,https://shopee.co.th//-TARGET-‡∏´‡∏°‡πâ‡∏≠‡∏ó‡∏≠‡∏î‡πÑ‡∏£‡πâ‡∏ô‡πâ‡∏≥‡∏°‡∏±‡∏ô-‡∏Ñ‡∏ß‡∏≤‡∏°‡∏à‡∏∏‡∏Ç‡∏ô‡∏≤‡∏î‡πÉ‡∏´‡∏ç‡πà-‡∏Ç‡∏à‡∏±‡∏î‡πÑ‡∏Ç‡∏°‡∏±‡∏ô-‡∏≠‡∏£‡πà‡∏≠‡∏¢‡∏á‡πà‡∏≤‡∏¢‡∏ó‡∏∏‡∏Å‡πÄ‡∏°‡∏ô‡∏π-i.429068674.11310601744?sp_atk=64d9d382-3fc6-4163-8444-4f8a9b755ff8&xptdk=64d9d382-3fc6-4163-8444-4f8a9b755ff8
39,[‡∏£‡∏≤‡∏Ñ‡∏≤‡∏ñ‡∏π‡∏Å]ABL Air fryer ‡∏´‡∏°‡πâ‡∏≠‡∏ó‡∏≠‡∏î‡πÑ‡∏£‡πâ‡∏ô‡πâ‡∏≥‡∏°‡∏±‡∏ô ‡∏£‡∏±‡∏ö‡∏õ‡∏£‡∏∞‡∏Å‡∏±‡∏ô‡∏ô‡∏≤‡∏ô 3 ‡∏õ‡∏µ ‡∏´‡∏°‡πâ‡∏≠‡∏ó‡∏≠‡∏î‡πÑ‡∏ü‡∏ü‡πâ‡∏≤ ‡∏£‡∏∏‡πà‡∏ô 2.8L - 5.5L ‡∏Ç‡∏≠‡∏á‡πÅ‡∏ó‡πâ ‡∏°‡∏≤‡∏ï‡∏£‡∏ê‡∏≤‡∏ô ‡∏°‡∏≠‡∏Å.,‡∏ø599 - ‡∏ø929,‡∏Ç‡∏≤‡∏¢‡πÅ‡∏•‡πâ‡∏ß 22 ‡∏ä‡∏¥‡πâ‡∏ô,‡∏à‡∏±‡∏á‡∏´‡∏ß‡∏±‡∏î‡∏™‡∏°‡∏∏‡∏ó‡∏£‡∏õ‡∏£‡∏≤‡∏Å‡∏≤‡∏£,https://shopee.co.th//-‡∏£‡∏≤‡∏Ñ‡∏≤‡∏ñ‡∏π‡∏Å-ABL-Air-fryer-‡∏´‡∏°‡πâ‡∏≠‡∏ó‡∏≠‡∏î‡πÑ‡∏£‡πâ‡∏ô‡πâ‡∏≥‡∏°‡∏±‡∏ô-‡∏£‡∏±‡∏ö‡∏õ‡∏£‡∏∞‡∏Å‡∏±‡∏ô‡∏ô‡∏≤‡∏ô-3-‡∏õ‡∏µ-‡∏´‡∏°‡πâ‡∏≠‡∏ó‡∏≠‡∏î‡πÑ‡∏ü‡∏ü‡πâ‡∏≤-‡∏£‡∏∏‡πà‡∏ô-2.8L-5.5L-‡∏Ç‡∏≠‡∏á‡πÅ‡∏ó‡πâ-‡∏°‡∏≤‡∏ï‡∏£‡∏ê‡∏≤‡∏ô-‡∏°‡∏≠‡∏Å.-i.310867214.6553607621?sp_atk=b65fa59f-be2a-49b4-92f0-6c57f3dd44b7&xptdk=b65fa59f-be2a-49b4-92f0-6c57f3dd44b7
40,TEFAL ‡∏´‡∏°‡πâ‡∏≠‡∏ó‡∏≠‡∏î‡πÑ‡∏£‡πâ‡∏ô‡πâ‡∏≥‡∏°‡∏±‡∏ô Easy Fry&Grill Classic+ 2in1 ‡∏£‡∏∏‡πà‡∏ô EY501D  ‡∏õ‡∏£‡∏∞‡∏Å‡∏±‡∏ô‡∏®‡∏π‡∏ô‡∏¢‡πå 2‡∏õ‡∏µ (EY501D66),"‡∏ø2,090",‡∏Ç‡∏≤‡∏¢‡πÅ‡∏•‡πâ‡∏ß 74 ‡∏ä‡∏¥‡πâ‡∏ô,‡∏à‡∏±‡∏á‡∏´‡∏ß‡∏±‡∏î‡∏Å‡∏£‡∏∏‡∏á‡πÄ‡∏ó‡∏û‡∏°‡∏´‡∏≤‡∏ô‡∏Ñ‡∏£,https://shopee.co.th//TEFAL-‡∏´‡∏°‡πâ‡∏≠‡∏ó‡∏≠‡∏î‡πÑ‡∏£‡πâ‡∏ô‡πâ‡∏≥‡∏°‡∏±‡∏ô-Easy-Fry-Grill-Classic-2in1-‡∏£‡∏∏‡πà‡∏ô-EY501D-‡∏õ‡∏£‡∏∞‡∏Å‡∏±‡∏ô‡∏®‡∏π‡∏ô‡∏¢‡πå-2‡∏õ‡∏µ-(EY501D66)-i.9585389.17579516212?sp_atk=147438cd-3239-45b5-83e4-50c44da2a7b5&xptdk=147438cd-3239-45b5-83e4-50c44da2a7b5
41,(‡∏™‡πà‡∏á‡πÄ‡∏£‡πá‡∏ß) (‡∏à‡∏≥‡∏Å‡∏±‡∏î 1 ‡∏ä‡∏¥‡πâ‡∏ô/‡∏≠‡∏≠‡πÄ‡∏î‡∏≠‡∏£‡πå) Philips Airfryer ‡∏£‡∏∏‡πà‡∏ô HD9200/91 ‡∏Ñ‡∏ß‡∏≤‡∏°‡∏à‡∏∏ 4.1 ‡∏•‡∏¥‡∏ï‡∏£,"‡∏ø1,990",‡∏Ç‡∏≤‡∏¢‡πÅ‡∏•‡πâ‡∏ß 81 ‡∏ä‡∏¥‡πâ‡∏ô,‡∏à‡∏±‡∏á‡∏´‡∏ß‡∏±‡∏î‡∏Å‡∏£‡∏∏‡∏á‡πÄ‡∏ó‡∏û‡∏°‡∏´‡∏≤‡∏ô‡∏Ñ‡∏£,https://shopee.co.th//(‡∏™‡πà‡∏á‡πÄ‡∏£‡πá‡∏ß)-(‡∏à‡∏≥‡∏Å‡∏±‡∏î-1-‡∏ä‡∏¥‡πâ‡∏ô-‡∏≠‡∏≠‡πÄ‡∏î‡∏≠‡∏£‡πå)-Philips-Airfryer-‡∏£‡∏∏‡πà‡∏ô-HD9200-91-‡∏Ñ‡∏ß‡∏≤‡∏°‡∏à‡∏∏-4.1-‡∏•‡∏¥‡∏ï‡∏£-i.139395933.9912634800?sp_atk=ab37e713-8061-4942-9233-65511cb3060f&xptdk=ab37e713-8061-4942-9233-65511cb3060f
42,Gaabor GA-E5A ‡∏´‡∏°‡πâ‡∏≠‡∏ó‡∏≠‡∏î‡πÑ‡∏£‡πâ‡∏ô‡πâ‡∏≥‡∏°‡∏±‡∏ô ‡πÄ‡∏ï‡∏≤‡∏≠‡∏ö‡πÑ‡∏ü‡∏ü‡πâ‡∏≤ ‡πÄ‡∏ï‡∏≤‡∏≠‡∏ö‡∏•‡∏°‡∏£‡πâ‡∏≠‡∏ô Air Fryer ‡∏à‡∏≠‡∏î‡∏¥‡∏à‡∏¥‡∏ï‡∏≠‡∏• ‡∏Ç‡∏ô‡∏≤‡∏î 5.0 ‡∏•‡∏¥‡∏ï‡∏£,"‡∏ø599 - ‡∏ø2,490",‡∏Ç‡∏≤‡∏¢‡πÅ‡∏•‡πâ‡∏ß 186 ‡∏ä‡∏¥‡πâ‡∏ô,‡∏à‡∏±‡∏á‡∏´‡∏ß‡∏±‡∏î‡∏ô‡∏Ñ‡∏£‡∏õ‡∏ê‡∏°,https://shopee.co.th//Gaabor-GA-E5A-‡∏´‡∏°‡πâ‡∏≠‡∏ó‡∏≠‡∏î‡πÑ‡∏£‡πâ‡∏ô‡πâ‡∏≥‡∏°‡∏±‡∏ô-‡πÄ‡∏ï‡∏≤‡∏≠‡∏ö‡πÑ‡∏ü‡∏ü‡πâ‡∏≤-‡πÄ‡∏ï‡∏≤‡∏≠‡∏ö‡∏•‡∏°‡∏£‡πâ‡∏≠‡∏ô-Air-Fryer-‡∏à‡∏≠‡∏î‡∏¥‡∏à‡∏¥‡∏ï‡∏≠‡∏•-‡∏Ç‡∏ô‡∏≤‡∏î-5.0-‡∏•‡∏¥‡∏ï‡∏£-i.32713307.21054715055?sp_atk=d448ba29-6506-4fec-b1ea-d59724aa530b&xptdk=d448ba29-6506-4fec-b1ea-d59724aa530b
43,HAFELE ‡∏´‡∏°‡πâ‡∏≠‡∏ó‡∏≠‡∏î‡πÑ‡∏£‡πâ‡∏ô‡πâ‡∏≥‡∏°‡∏±‡∏ô‡∏î‡∏¥‡∏à‡∏¥‡∏ï‡∏≠‡∏• 5.7 ‡∏•‡∏¥‡∏ï‡∏£ / Digital air fryer oven 5.7 L,"‡∏ø3,190",‡∏Ç‡∏≤‡∏¢‡πÅ‡∏•‡πâ‡∏ß 302 ‡∏ä‡∏¥‡πâ‡∏ô,‡∏à‡∏±‡∏á‡∏´‡∏ß‡∏±‡∏î‡∏Å‡∏£‡∏∏‡∏á‡πÄ‡∏ó‡∏û‡∏°‡∏´‡∏≤‡∏ô‡∏Ñ‡∏£,https://shopee.co.th//HAFELE-‡∏´‡∏°‡πâ‡∏≠‡∏ó‡∏≠‡∏î‡πÑ‡∏£‡πâ‡∏ô‡πâ‡∏≥‡∏°‡∏±‡∏ô‡∏î‡∏¥‡∏à‡∏¥‡∏ï‡∏≠‡∏•-5.7-‡∏•‡∏¥‡∏ï‡∏£-Digital-air-fryer-oven-5.7-L-i.105090190.13337554119?sp_atk=91ed8845-45ba-42e2-bcd5-8de1c4517afa&xptdk=91ed8845-45ba-42e2-bcd5-8de1c4517afa
44,Phlinice ‡∏´‡∏°‡πâ‡∏≠‡∏ó‡∏≠‡∏î‡πÑ‡∏£‡πâ‡∏ô‡πâ‡∏≥‡∏°‡∏±‡∏ô  8.5 L ‡∏Ñ‡∏ß‡∏≤‡∏°‡∏à‡∏∏‡πÄ‡∏¢‡∏≠‡∏∞ ‡πÉ‡∏ä‡πâ‡πÉ‡∏ô‡∏Ñ‡∏£‡∏±‡∏ß‡πÄ‡∏£‡∏∑‡∏≠‡∏ô  ‡∏™‡∏°‡∏≤‡∏£‡πå‡∏ó‡∏°‡∏±‡∏•‡∏ï‡∏¥‡∏ü‡∏±‡∏á‡∏Å‡πå‡∏ä‡∏±‡πà‡∏ô‡πÑ‡∏°‡πà‡∏ï‡πâ‡∏≠‡∏á‡πÉ‡∏ä‡πâ‡∏ô‡πâ‡∏≥‡∏°‡∏±‡∏ô ‡πÄ‡∏Ñ‡∏£‡∏∑‡πà‡∏≠‡∏á‡∏°‡∏±‡∏ô‡∏ù‡∏£‡∏±‡πà‡∏á‡∏ó‡∏≠‡∏î,‡∏ø999,‡∏Ç‡∏≤‡∏¢‡πÅ‡∏•‡πâ‡∏ß 238 ‡∏ä‡∏¥‡πâ‡∏ô,‡∏à‡∏±‡∏á‡∏´‡∏ß‡∏±‡∏î‡∏™‡∏°‡∏∏‡∏ó‡∏£‡∏™‡∏≤‡∏Ñ‡∏£,https://shopee.co.th//Phlinice-‡∏´‡∏°‡πâ‡∏≠‡∏ó‡∏≠‡∏î‡πÑ‡∏£‡πâ‡∏ô‡πâ‡∏≥‡∏°‡∏±‡∏ô-8.5-L-‡∏Ñ‡∏ß‡∏≤‡∏°‡∏à‡∏∏‡πÄ‡∏¢‡∏≠‡∏∞-‡πÉ‡∏ä‡πâ‡πÉ‡∏ô‡∏Ñ‡∏£‡∏±‡∏ß‡πÄ‡∏£‡∏∑‡∏≠‡∏ô-‡∏™‡∏°‡∏≤‡∏£‡πå‡∏ó‡∏°‡∏±‡∏•‡∏ï‡∏¥‡∏ü‡∏±‡∏á‡∏Å‡πå‡∏ä‡∏±‡πà‡∏ô‡πÑ‡∏°‡πà‡∏ï‡πâ‡∏≠‡∏á‡πÉ‡∏ä‡πâ‡∏ô‡πâ‡∏≥‡∏°‡∏±‡∏ô-‡πÄ‡∏Ñ‡∏£‡∏∑‡πà‡∏≠‡∏á‡∏°‡∏±‡∏ô‡∏ù‡∏£‡∏±‡πà‡∏á‡∏ó‡∏≠‡∏î-i.153308769.14788523312?sp_atk=dbfb1966-d7d4-4fc1-9788-19b532a84bf9&xptdk=dbfb1966-d7d4-4fc1-9788-19b532a84bf9
45,OTTO ‡∏´‡∏°‡πâ‡∏≠‡∏ó‡∏≠‡∏î‡πÑ‡∏£‡πâ‡∏ô‡πâ‡∏≥‡∏°‡∏±‡∏ô ‡∏£‡∏∏‡πà‡∏ô CO-725 ‡∏Ñ‡∏ß‡∏≤‡∏°‡∏à‡∏∏ 3 ‡∏•‡∏¥‡∏ï‡∏£,‡∏ø959,‡∏Ç‡∏≤‡∏¢‡πÅ‡∏•‡πâ‡∏ß 397 ‡∏ä‡∏¥‡πâ‡∏ô,‡∏à‡∏±‡∏á‡∏´‡∏ß‡∏±‡∏î‡∏õ‡∏ó‡∏∏‡∏°‡∏ò‡∏≤‡∏ô‡∏µ,https://shopee.co.th//OTTO-‡∏´‡∏°‡πâ‡∏≠‡∏ó‡∏≠‡∏î‡πÑ‡∏£‡πâ‡∏ô‡πâ‡∏≥‡∏°‡∏±‡∏ô-‡∏£‡∏∏‡πà‡∏ô-CO-725-‡∏Ñ‡∏ß‡∏≤‡∏°‡∏à‡∏∏-3-‡∏•‡∏¥‡∏ï‡∏£-i.277468410.4248925871?sp_atk=694a4b35-f3b2-4886-b16c-714b36d5ab58&xptdk=694a4b35-f3b2-4886-b16c-714b36d5ab58
46,Simplus 5L ‡∏´‡∏°‡πâ‡∏≠‡∏ó‡∏≠‡∏î‡πÑ‡∏£‡πâ‡∏ô‡πâ‡∏≥‡∏°‡∏±‡∏ô‡πÉ‡∏ä‡πâ‡πÉ‡∏ô‡∏Ñ‡∏£‡∏±‡∏ß‡πÄ‡∏£‡∏∑‡∏≠‡∏ô‡∏≠‡∏±‡∏ï‡πÇ‡∏ô‡∏°‡∏±‡∏ï‡∏¥ 1300W ‡∏´‡∏°‡πâ‡∏≠‡∏ó‡∏≠‡∏î‡πÑ‡∏ü‡∏ü‡πâ‡∏≤ ‡∏´‡∏°‡πâ‡∏≠‡∏ó‡∏≠‡∏î ‡πÑ‡∏£‡πâ‡∏ô‡πâ‡∏≥‡∏°‡∏±‡∏ô Air Fryer KQZG004,"‡∏ø899 - ‡∏ø1,099",‡∏Ç‡∏≤‡∏¢‡πÅ‡∏•‡πâ‡∏ß 5.2‡∏û‡∏±‡∏ô ‡∏ä‡∏¥‡πâ‡∏ô,‡∏à‡∏±‡∏á‡∏´‡∏ß‡∏±‡∏î‡∏™‡∏°‡∏∏‡∏ó‡∏£‡∏õ‡∏£‡∏≤‡∏Å‡∏≤‡∏£,https://shopee.co.th//Simplus-5L-‡∏´‡∏°‡πâ‡∏≠‡∏ó‡∏≠‡∏î‡πÑ‡∏£‡πâ‡∏ô‡πâ‡∏≥‡∏°‡∏±‡∏ô‡πÉ‡∏ä‡πâ‡πÉ‡∏ô‡∏Ñ‡∏£‡∏±‡∏ß‡πÄ‡∏£‡∏∑‡∏≠‡∏ô‡∏≠‡∏±‡∏ï‡πÇ‡∏ô‡∏°‡∏±‡∏ï‡∏¥-1300W-‡∏´‡∏°‡πâ‡∏≠‡∏ó‡∏≠‡∏î‡πÑ‡∏ü‡∏ü‡πâ‡∏≤-‡∏´‡∏°‡πâ‡∏≠‡∏ó‡∏≠‡∏î-‡πÑ‡∏£‡πâ‡∏ô‡πâ‡∏≥‡∏°‡∏±‡∏ô-Air-Fryer-KQZG004-i.448235616.5493334855?sp_atk=0320115d-f68b-47b6-8302-8e02bdf2a3fc&xptdk=0320115d-f68b-47b6-8302-8e02bdf2a3fc
47,‡∏´‡∏°‡πâ‡∏≠‡∏≠‡∏ö‡∏•‡∏°‡∏£‡πâ‡∏≠‡∏ô SMART HOME Ceflar ‡∏´‡∏°‡πâ‡∏≠‡∏ó‡∏≠‡∏î‡πÑ‡∏£‡πâ‡∏ô‡πâ‡∏≥‡∏°‡∏±‡∏ô MV-002,‡∏ø690,‡∏Ç‡∏≤‡∏¢‡πÅ‡∏•‡πâ‡∏ß 12 ‡∏ä‡∏¥‡πâ‡∏ô,‡∏à‡∏±‡∏á‡∏´‡∏ß‡∏±‡∏î‡∏ô‡∏Ñ‡∏£‡∏£‡∏≤‡∏ä‡∏™‡∏µ‡∏°‡∏≤,https://shopee.co.th//‡∏´‡∏°‡πâ‡∏≠‡∏≠‡∏ö‡∏•‡∏°‡∏£‡πâ‡∏≠‡∏ô-SMART-HOME-Ceflar-‡∏´‡∏°‡πâ‡∏≠‡∏ó‡∏≠‡∏î‡πÑ‡∏£‡πâ‡∏ô‡πâ‡∏≥‡∏°‡∏±‡∏ô-MV-002-i.118644521.12841605144?sp_atk=c8f7697d-a4a5-4ea1-91cb-d84dab1e5fc7&xptdk=c8f7697d-a4a5-4ea1-91cb-d84dab1e5fc7
48,Simplus ‡∏´‡∏°‡πâ‡∏≠‡∏ó‡∏≠‡∏î‡πÑ‡∏£‡πâ‡∏ô‡πâ‡∏≥‡∏°‡∏±‡∏ô‡∏Ñ‡∏ß‡∏≤‡∏°‡∏à‡∏∏‡∏Ç‡∏ô‡∏≤‡∏î‡πÉ‡∏´‡∏ç‡πà 4.5 ‡∏•‡∏¥‡∏ï‡∏£  ‡∏ï‡∏∞‡πÅ‡∏Å‡∏£‡∏á‡∏£‡∏≠‡∏á‡∏´‡∏°‡πâ‡∏≠‡∏ó‡∏≠‡∏î KQZG007,‡∏ø879,‡∏Ç‡∏≤‡∏¢‡πÅ‡∏•‡πâ‡∏ß 17 ‡∏ä‡∏¥‡πâ‡∏ô,‡∏à‡∏±‡∏á‡∏´‡∏ß‡∏±‡∏î‡∏™‡∏°‡∏∏‡∏ó‡∏£‡∏õ‡∏£‡∏≤‡∏Å‡∏≤‡∏£,https://shopee.co.th//Simplus-‡∏´‡∏°‡πâ‡∏≠‡∏ó‡∏≠‡∏î‡πÑ‡∏£‡πâ‡∏ô‡πâ‡∏≥‡∏°‡∏±‡∏ô‡∏Ñ‡∏ß‡∏≤‡∏°‡∏à‡∏∏‡∏Ç‡∏ô‡∏≤‡∏î‡πÉ‡∏´‡∏ç‡πà-4.5-‡∏•‡∏¥‡∏ï‡∏£-‡∏ï‡∏∞‡πÅ‡∏Å‡∏£‡∏á‡∏£‡∏≠‡∏á‡∏´‡∏°‡πâ‡∏≠‡∏ó‡∏≠‡∏î-KQZG007-i.837801112.10897534970?sp_atk=a8be7814-0d5e-40a2-a99b-a13fa9e556b6&xptdk=a8be7814-0d5e-40a2-a99b-a13fa9e556b6
49,‡πÄ‡∏Ñ‡∏£‡∏∑‡πà‡∏≠‡∏á‡∏ó‡∏≠‡∏î‡πÑ‡∏ü‡∏ü‡πâ‡∏≤‡∏≠‡∏±‡∏ï‡πÇ‡∏ô‡∏°‡∏±‡∏ï‡∏¥ ‡πÑ‡∏£‡πâ‡∏Ñ‡∏ß‡∏±‡∏ô ‡∏Ñ‡∏ß‡∏ö‡∏Ñ‡∏∏‡∏°‡∏≠‡∏∏‡∏ì‡∏´‡∏†‡∏π‡∏°‡∏¥ ‡∏Ç‡∏ô‡∏≤‡∏î‡πÉ‡∏´‡∏ç‡πà ‡πÑ‡∏£‡πâ‡∏ô‡πâ‡πç‡∏≤‡∏°‡∏±‡∏ô ‡∏Ç‡∏≠‡∏á‡πÉ‡∏ä‡πâ‡πÉ‡∏ô‡∏Ñ‡∏£‡∏±‡∏ß‡πÄ‡∏£‡∏∑‡∏≠‡∏ô,"‡∏ø999 - ‡∏ø1,983",No Sale,‡∏ï‡πà‡∏≤‡∏á‡∏õ‡∏£‡∏∞‡πÄ‡∏ó‡∏®,https://shopee.co.th//‡πÄ‡∏Ñ‡∏£‡∏∑‡πà‡∏≠‡∏á‡∏ó‡∏≠‡∏î‡πÑ‡∏ü‡∏ü‡πâ‡∏≤‡∏≠‡∏±‡∏ï‡πÇ‡∏ô‡∏°‡∏±‡∏ï‡∏¥-‡πÑ‡∏£‡πâ‡∏Ñ‡∏ß‡∏±‡∏ô-‡∏Ñ‡∏ß‡∏ö‡∏Ñ‡∏∏‡∏°‡∏≠‡∏∏‡∏ì‡∏´‡∏†‡∏π‡∏°‡∏¥-‡∏Ç‡∏ô‡∏≤‡∏î‡πÉ‡∏´‡∏ç‡πà-‡πÑ‡∏£‡πâ‡∏ô‡πâ‡πç‡∏≤‡∏°‡∏±‡∏ô-‡∏Ç‡∏≠‡∏á‡πÉ‡∏ä‡πâ‡πÉ‡∏ô‡∏Ñ‡∏£‡∏±‡∏ß‡πÄ‡∏£‡∏∑‡∏≠‡∏ô-i.728915866.17239350744?sp_atk=57e8f10c-38f3-45e6-8651-4b47f89bb994&xptdk=57e8f10c-38f3-45e6-8651-4b47f89bb994
50,üî•‡πÇ‡∏õ‡∏£‡πÅ‡∏£‡∏á üî•‡∏û‡∏£‡πâ‡∏≠‡∏°‡∏à‡∏±‡∏î‡∏™‡πà‡∏áüî•‡∏´‡∏°‡πâ‡∏≠‡∏ó‡∏≠‡∏î‡πÑ‡∏£‡πâ‡∏ô‡πâ‡∏≥‡∏°‡∏±‡∏ô Smarthome ‡∏î‡∏¥‡∏à‡∏¥‡∏ï‡∏≠‡∏• ‡∏Ç‡∏ô‡∏≤‡∏î 4.5 ‡∏•‡∏¥‡∏ï‡∏£ ‡∏£‡∏∏‡πà‡∏ô MV-1301 ‡∏™‡∏¥‡∏ô‡∏Ñ‡πâ‡∏≤‡πÉ‡∏´‡∏°‡πà‡∏£‡∏±‡∏ö‡∏õ‡∏£‡∏∞‡∏Å‡∏±‡∏ô‡∏®‡∏π‡∏ô‡∏¢‡πå 3 ‡∏õ‡∏µ,"‡∏ø1,990",‡∏Ç‡∏≤‡∏¢‡πÅ‡∏•‡πâ‡∏ß 81 ‡∏ä‡∏¥‡πâ‡∏ô,‡∏à‡∏±‡∏á‡∏´‡∏ß‡∏±‡∏î‡∏Å‡∏£‡∏∏‡∏á‡πÄ‡∏ó‡∏û‡∏°‡∏´‡∏≤‡∏ô‡∏Ñ‡∏£,https://shopee.co.th//üî•‡πÇ‡∏õ‡∏£‡πÅ‡∏£‡∏á-üî•‡∏û‡∏£‡πâ‡∏≠‡∏°‡∏à‡∏±‡∏î‡∏™‡πà‡∏áüî•‡∏´‡∏°‡πâ‡∏≠‡∏ó‡∏≠‡∏î‡πÑ‡∏£‡πâ‡∏ô‡πâ‡∏≥‡∏°‡∏±‡∏ô-Smarthome-‡∏î‡∏¥‡∏à‡∏¥‡∏ï‡∏≠‡∏•-‡∏Ç‡∏ô‡∏≤‡∏î-4.5-‡∏•‡∏¥‡∏ï‡∏£-‡∏£‡∏∏‡πà‡∏ô-MV-1301-‡∏™‡∏¥‡∏ô‡∏Ñ‡πâ‡∏≤‡πÉ‡∏´‡∏°‡πà‡∏£‡∏±‡∏ö‡∏õ‡∏£‡∏∞‡∏Å‡∏±‡∏ô‡∏®‡∏π‡∏ô‡∏¢‡πå-3-‡∏õ‡∏µ-i.117954149.18521503571?sp_atk=21c1d4ad-25b5-454e-980c-e49fb52866ee&xptdk=21c1d4ad-25b5-454e-980c-e49fb52866ee
51,üåàKoLaLa ‡∏£‡∏∏‡πà‡∏ô‡πÉ‡∏´‡∏°‡πà ‡∏´‡∏°‡πâ‡∏≠‡∏ó‡∏≠‡∏î‡πÑ‡∏£‡πâ‡∏ô‡πâ‡∏≥‡∏°‡∏±‡∏ô ‡∏Ñ‡∏ß‡∏≤‡∏°‡∏à‡∏∏‡∏Ç‡∏ô‡∏≤‡∏î‡πÉ‡∏´‡∏ç‡πà 5.5L  ‡∏ï‡∏∞‡πÅ‡∏Å‡∏£‡∏á‡∏ó‡∏µ‡πà‡∏ñ‡∏≠‡∏î‡∏≠‡∏≠‡∏Å‡πÑ‡∏î‡πâ ‡∏°‡∏±‡∏•‡∏ï‡∏¥‡∏ü‡∏±‡∏á‡∏Å‡πå‡∏ä‡∏±‡πà‡∏ô‡πÉ‡∏ä‡πâ‡πÑ‡∏î‡πâ‡∏´‡∏•‡∏≤‡∏Å‡∏´‡∏•‡∏≤‡∏¢,‡∏ø949,‡∏Ç‡∏≤‡∏¢‡πÅ‡∏•‡πâ‡∏ß 38 ‡∏ä‡∏¥‡πâ‡∏ô,‡∏à‡∏±‡∏á‡∏´‡∏ß‡∏±‡∏î‡∏™‡∏°‡∏∏‡∏ó‡∏£‡∏õ‡∏£‡∏≤‡∏Å‡∏≤‡∏£,https://shopee.co.th//üåàKoLaLa-‡∏£‡∏∏‡πà‡∏ô‡πÉ‡∏´‡∏°‡πà-‡∏´‡∏°‡πâ‡∏≠‡∏ó‡∏≠‡∏î‡πÑ‡∏£‡πâ‡∏ô‡πâ‡∏≥‡∏°‡∏±‡∏ô-‡∏Ñ‡∏ß‡∏≤‡∏°‡∏à‡∏∏‡∏Ç‡∏ô‡∏≤‡∏î‡πÉ‡∏´‡∏ç‡πà-5.5L-‡∏ï‡∏∞‡πÅ‡∏Å‡∏£‡∏á‡∏ó‡∏µ‡πà‡∏ñ‡∏≠‡∏î‡∏≠‡∏≠‡∏Å‡πÑ‡∏î‡πâ-‡∏°‡∏±‡∏•‡∏ï‡∏¥‡∏ü‡∏±‡∏á‡∏Å‡πå‡∏ä‡∏±‡πà‡∏ô‡πÉ‡∏ä‡πâ‡πÑ‡∏î‡πâ‡∏´‡∏•‡∏≤‡∏Å‡∏´‡∏•‡∏≤‡∏¢-i.490758788.17104321126?sp_atk=5b8d2713-f97e-4b67-93b2-b77108187868&xptdk=5b8d2713-f97e-4b67-93b2-b77108187868
52,Simplus Air Fryer ‡∏£‡∏∏‡πà‡∏ô‡πÉ‡∏´‡∏°‡πà ‡∏´‡∏°‡πâ‡∏≠‡∏ó‡∏≠‡∏î‡πÑ‡∏£‡πâ‡∏ô‡πâ‡∏≥‡∏°‡∏±‡∏ô ‡∏Ñ‡∏ß‡∏≤‡∏°‡∏à‡∏∏‡∏Ç‡∏ô‡∏≤‡∏î‡πÉ‡∏´‡∏ç‡πà 5.5L ‡∏ï‡∏∞‡πÅ‡∏Å‡∏£‡∏á‡∏ó‡∏µ‡πà‡∏ñ‡∏≠‡∏î‡∏≠‡∏≠‡∏Å‡πÑ‡∏î‡πâ ‡∏°‡∏±‡∏•‡∏ï‡∏¥‡∏ü‡∏±‡∏á‡∏Å KQZG009,"‡∏ø1,099",‡∏Ç‡∏≤‡∏¢‡πÅ‡∏•‡πâ‡∏ß 158 ‡∏ä‡∏¥‡πâ‡∏ô,‡∏à‡∏±‡∏á‡∏´‡∏ß‡∏±‡∏î‡∏™‡∏°‡∏∏‡∏ó‡∏£‡∏õ‡∏£‡∏≤‡∏Å‡∏≤‡∏£,https://shopee.co.th//Simplus-Air-Fryer-‡∏£‡∏∏‡πà‡∏ô‡πÉ‡∏´‡∏°‡πà-‡∏´‡∏°‡πâ‡∏≠‡∏ó‡∏≠‡∏î‡πÑ‡∏£‡πâ‡∏ô‡πâ‡∏≥‡∏°‡∏±‡∏ô-‡∏Ñ‡∏ß‡∏≤‡∏°‡∏à‡∏∏‡∏Ç‡∏ô‡∏≤‡∏î‡πÉ‡∏´‡∏ç‡πà-5.5L-‡∏ï‡∏∞‡πÅ‡∏Å‡∏£‡∏á‡∏ó‡∏µ‡πà‡∏ñ‡∏≠‡∏î‡∏≠‡∏≠‡∏Å‡πÑ‡∏î‡πâ-‡∏°‡∏±‡∏•‡∏ï‡∏¥‡∏ü‡∏±‡∏á‡∏Å-KQZG009-i.448235616.16457683138?sp_atk=63f25898-d435-42cd-86e4-63c051ad5741&xptdk=63f25898-d435-42cd-86e4-63c051ad5741
53,‚ùó‡∏™‡πà‡∏á‡∏ü‡∏£‡∏µ‚ùó ABL ‡∏´‡∏°‡πâ‡∏≠‡∏ó‡∏≠‡∏î‡πÑ‡∏£‡πâ‡∏ô‡πâ‡∏≥‡∏°‡∏±‡∏ô 8 ‡∏•‡∏¥‡∏ï‡∏£ ‡∏´‡∏°‡πâ‡∏≠‡∏ó‡∏≠‡∏î‡πÑ‡∏ü‡∏ü‡πâ‡∏≤ ‡∏´‡∏°‡πâ‡∏≠‡∏ó‡∏≠‡∏î‡πÄ‡∏ü‡∏£‡∏ô‡∏ü‡∏£‡∏≤‡∏¢ ‡∏´‡∏°‡πâ‡∏≠‡∏ó‡∏≠‡∏î‡∏•‡∏°‡∏£‡πâ‡∏≠‡∏ô 8L ‡∏£‡∏±‡∏ö‡∏õ‡∏£‡∏∞‡∏Å‡∏±‡∏ô3‡∏õ‡∏µ ‡∏£‡∏≤‡∏Ñ‡∏≤‡∏ñ‡∏π‡∏Å ‡∏û‡∏£‡πâ‡∏≠‡∏°‡∏™‡πà‡∏á,"‡∏ø1,679",‡∏Ç‡∏≤‡∏¢‡πÅ‡∏•‡πâ‡∏ß 5 ‡∏ä‡∏¥‡πâ‡∏ô,‡∏à‡∏±‡∏á‡∏´‡∏ß‡∏±‡∏î‡∏™‡∏°‡∏∏‡∏ó‡∏£‡∏õ‡∏£‡∏≤‡∏Å‡∏≤‡∏£,https://shopee.co.th//‚ùó‡∏™‡πà‡∏á‡∏ü‡∏£‡∏µ‚ùó-ABL-‡∏´‡∏°‡πâ‡∏≠‡∏ó‡∏≠‡∏î‡πÑ‡∏£‡πâ‡∏ô‡πâ‡∏≥‡∏°‡∏±‡∏ô-8-‡∏•‡∏¥‡∏ï‡∏£-‡∏´‡∏°‡πâ‡∏≠‡∏ó‡∏≠‡∏î‡πÑ‡∏ü‡∏ü‡πâ‡∏≤-‡∏´‡∏°‡πâ‡∏≠‡∏ó‡∏≠‡∏î‡πÄ‡∏ü‡∏£‡∏ô‡∏ü‡∏£‡∏≤‡∏¢-‡∏´‡∏°‡πâ‡∏≠‡∏ó‡∏≠‡∏î‡∏•‡∏°‡∏£‡πâ‡∏≠‡∏ô-8L-‡∏£‡∏±‡∏ö‡∏õ‡∏£‡∏∞‡∏Å‡∏±‡∏ô3‡∏õ‡∏µ-‡∏£‡∏≤‡∏Ñ‡∏≤‡∏ñ‡∏π‡∏Å-‡∏û‡∏£‡πâ‡∏≠‡∏°‡∏™‡πà‡∏á-i.251574577.7942091136?sp_atk=0b17d9b9-2334-49fe-afed-47ea9fc8c46b&xptdk=0b17d9b9-2334-49fe-afed-47ea9fc8c46b
54,‡∏´‡∏°‡πâ‡∏≠‡∏ó‡∏≠‡∏î‡πÑ‡∏£‡πâ‡∏ô‡πâ‡∏≥‡∏°‡∏±‡∏ô OTTO ‡∏£‡∏∏‡πà‡∏ô CO-725 CO725,‡∏ø949,‡∏Ç‡∏≤‡∏¢‡πÅ‡∏•‡πâ‡∏ß 408 ‡∏ä‡∏¥‡πâ‡∏ô,‡∏à‡∏±‡∏á‡∏´‡∏ß‡∏±‡∏î‡∏õ‡∏ó‡∏∏‡∏°‡∏ò‡∏≤‡∏ô‡∏µ,https://shopee.co.th//‡∏´‡∏°‡πâ‡∏≠‡∏ó‡∏≠‡∏î‡πÑ‡∏£‡πâ‡∏ô‡πâ‡∏≥‡∏°‡∏±‡∏ô-OTTO-‡∏£‡∏∏‡πà‡∏ô-CO-725-CO725-i.45022169.2285048259?sp_atk=f0daa2c6-d485-4ff0-9959-996876c07571&xptdk=f0daa2c6-d485-4ff0-9959-996876c07571
55,[‡∏Ç‡∏≠‡∏á‡πÅ‡∏ó‡πâ‡∏õ‡∏£‡∏∞‡∏Å‡∏±‡∏ô‡∏®‡∏π‡∏ô‡∏¢‡πå] Gaabor Air fryer ‡∏£‡∏ß‡∏°‡∏£‡∏∏‡πà‡∏ô‡∏´‡∏°‡πâ‡∏≠‡∏ó‡∏≠‡∏î‡πÑ‡∏£‡πâ‡∏ô‡πâ‡∏≥‡∏°‡∏±‡∏ô‡∏Ç‡∏≤‡∏¢‡∏î‡∏µ‡∏≠‡∏±‡∏ô‡∏î‡∏±‡∏ö1 ‡∏Ç‡∏ô‡∏≤‡∏î 3.5 ‡∏•‡∏¥‡∏ï‡∏£ ‡πÅ‡∏•‡∏∞ 4.5 ‡∏•‡∏¥‡∏ï‡∏£,"‡∏ø699 - ‡∏ø1,219",‡∏Ç‡∏≤‡∏¢‡πÅ‡∏•‡πâ‡∏ß 27.3‡∏û‡∏±‡∏ô ‡∏ä‡∏¥‡πâ‡∏ô,‡∏à‡∏±‡∏á‡∏´‡∏ß‡∏±‡∏î‡∏Å‡∏£‡∏∏‡∏á‡πÄ‡∏ó‡∏û‡∏°‡∏´‡∏≤‡∏ô‡∏Ñ‡∏£,https://shopee.co.th//-‡∏Ç‡∏≠‡∏á‡πÅ‡∏ó‡πâ‡∏õ‡∏£‡∏∞‡∏Å‡∏±‡∏ô‡∏®‡∏π‡∏ô‡∏¢‡πå-Gaabor-Air-fryer-‡∏£‡∏ß‡∏°‡∏£‡∏∏‡πà‡∏ô‡∏´‡∏°‡πâ‡∏≠‡∏ó‡∏≠‡∏î‡πÑ‡∏£‡πâ‡∏ô‡πâ‡∏≥‡∏°‡∏±‡∏ô‡∏Ç‡∏≤‡∏¢‡∏î‡∏µ‡∏≠‡∏±‡∏ô‡∏î‡∏±‡∏ö1-‡∏Ç‡∏ô‡∏≤‡∏î-3.5-‡∏•‡∏¥‡∏ï‡∏£-‡πÅ‡∏•‡∏∞-4.5-‡∏•‡∏¥‡∏ï‡∏£-i.494855778.13618405931?sp_atk=f644fa39-baab-4e6d-923a-e9e289f7e79e&xptdk=f644fa39-baab-4e6d-923a-e9e289f7e79e
56,‡∏´‡∏°‡πâ‡∏≠‡∏ó‡∏≠‡∏î‡πÑ‡∏£‡πâ‡∏ô‡πâ‡∏≥‡∏°‡∏±‡∏ô Air Fryer ‡∏´‡∏°‡πâ‡∏≠‡∏ó‡∏≠‡∏î‡∏≠‡∏≤‡∏Å‡∏≤‡∏® 15L ‡∏´‡∏°‡πâ‡∏≠‡∏ó‡∏≠‡∏î Air Fryer ‡∏´‡∏°‡πâ‡∏≠‡∏ó‡∏≠‡∏î‡πÑ‡∏£‡πâ‡∏°‡∏±‡∏ô ‡πÑ‡∏£‡πâ‡∏Ñ‡∏ß‡∏±‡∏ô ‡∏´‡∏°‡πâ‡∏≠‡∏ó‡∏≠‡∏î‡∏≠‡∏≤‡∏Å‡∏≤‡∏® ‡πÄ‡∏ï‡∏≤‡∏≠‡∏ö‡∏•‡∏°‡∏£‡πâ‡∏≠‡∏ô360¬∞,"‡∏ø1,850",‡∏Ç‡∏≤‡∏¢‡πÅ‡∏•‡πâ‡∏ß 1 ‡∏ä‡∏¥‡πâ‡∏ô,‡∏à‡∏±‡∏á‡∏´‡∏ß‡∏±‡∏î‡∏Å‡∏£‡∏∏‡∏á‡πÄ‡∏ó‡∏û‡∏°‡∏´‡∏≤‡∏ô‡∏Ñ‡∏£,https://shopee.co.th//‡∏´‡∏°‡πâ‡∏≠‡∏ó‡∏≠‡∏î‡πÑ‡∏£‡πâ‡∏ô‡πâ‡∏≥‡∏°‡∏±‡∏ô-Air-Fryer-‡∏´‡∏°‡πâ‡∏≠‡∏ó‡∏≠‡∏î‡∏≠‡∏≤‡∏Å‡∏≤‡∏®-15L-‡∏´‡∏°‡πâ‡∏≠‡∏ó‡∏≠‡∏î-Air-Fryer-‡∏´‡∏°‡πâ‡∏≠‡∏ó‡∏≠‡∏î‡πÑ‡∏£‡πâ‡∏°‡∏±‡∏ô-‡πÑ‡∏£‡πâ‡∏Ñ‡∏ß‡∏±‡∏ô-‡∏´‡∏°‡πâ‡∏≠‡∏ó‡∏≠‡∏î‡∏≠‡∏≤‡∏Å‡∏≤‡∏®-‡πÄ‡∏ï‡∏≤‡∏≠‡∏ö‡∏•‡∏°‡∏£‡πâ‡∏≠‡∏ô360¬∞-i.737786658.16791373341?sp_atk=dfd6e3d3-3ecb-4438-9be5-9da7c83d8c7e&xptdk=dfd6e3d3-3ecb-4438-9be5-9da7c83d8c7e
57,[‡πÉ‡∏ä‡πâ‡πÇ‡∏Ñ‡πâ‡∏î DECMM200 ‡∏•‡∏î 7%.-]HAN RIVER 3.5‡∏•‡∏¥‡∏ï‡∏£ ‡∏´‡∏°‡πâ‡∏≠‡∏ó‡∏≠‡∏î‡πÑ‡∏£‡πâ‡∏ô‡πâ‡∏≥‡∏°‡∏±‡∏ô ‡∏´‡∏°‡πâ‡∏≠‡∏ó‡∏≠‡∏î‡πÑ‡∏£‡πâ‡∏ô‡πâ‡∏≥‡∏°‡∏±‡∏ô‡πÄ‡∏≠‡∏ô‡∏Å‡∏õ‡∏£‡∏∞‡∏™‡∏á‡∏Ñ‡πå‡πÅ‡∏ö‡∏ö‡∏°‡∏±‡∏•‡∏ï‡∏¥‡∏ü‡∏±‡∏á‡∏Å‡πå‡∏ä‡∏±‡πà‡∏ô HRAF04BK,‡∏ø799,‡∏Ç‡∏≤‡∏¢‡πÅ‡∏•‡πâ‡∏ß 582 ‡∏ä‡∏¥‡πâ‡∏ô,‡∏à‡∏±‡∏á‡∏´‡∏ß‡∏±‡∏î‡∏Å‡∏£‡∏∏‡∏á‡πÄ‡∏ó‡∏û‡∏°‡∏´‡∏≤‡∏ô‡∏Ñ‡∏£,https://shopee.co.th//-‡πÉ‡∏ä‡πâ‡πÇ‡∏Ñ‡πâ‡∏î-DECMM200-‡∏•‡∏î-7-.-HAN-RIVER-3.5‡∏•‡∏¥‡∏ï‡∏£-‡∏´‡∏°‡πâ‡∏≠‡∏ó‡∏≠‡∏î‡πÑ‡∏£‡πâ‡∏ô‡πâ‡∏≥‡∏°‡∏±‡∏ô-‡∏´‡∏°‡πâ‡∏≠‡∏ó‡∏≠‡∏î‡πÑ‡∏£‡πâ‡∏ô‡πâ‡∏≥‡∏°‡∏±‡∏ô‡πÄ‡∏≠‡∏ô‡∏Å‡∏õ‡∏£‡∏∞‡∏™‡∏á‡∏Ñ‡πå‡πÅ‡∏ö‡∏ö‡∏°‡∏±‡∏•‡∏ï‡∏¥‡∏ü‡∏±‡∏á‡∏Å‡πå‡∏ä‡∏±‡πà‡∏ô-HRAF04BK-i.316135716.19819717567?sp_atk=498a73c0-92c1-4533-8b34-008289347481&xptdk=498a73c0-92c1-4533-8b34-008289347481
58,[‡∏£‡∏±‡∏ö‡∏õ‡∏£‡∏∞‡∏Å‡∏±‡∏ô‡∏®‡∏π‡∏ô‡∏¢‡πå‡πÑ‡∏ó‡∏¢ 1‡∏õ‡∏µ] 5.5L Air Fryer ‡∏´‡∏ô‡πâ‡∏≤‡∏ï‡πà‡∏≤‡∏á‡∏™‡∏£‡πâ‡∏≤‡∏á‡∏†‡∏≤‡∏û  ‡∏´‡∏°‡πâ‡∏≠‡∏ó‡∏≠‡∏î‡πÑ‡∏£‡πâ‡∏ô‡πâ‡∏≥‡∏°‡∏±‡∏ô  ‡∏´‡∏°‡πâ‡∏≠‡∏ó‡∏≠‡∏î‡∏≠‡∏≤‡∏Å‡∏≤‡∏®  ‡∏ó‡∏≠‡∏î‡πÑ‡∏ü‡∏ü‡πâ‡∏≤‡πÑ‡∏£‡πâ‡∏ô‡πâ‡∏≥‡∏°‡∏±‡∏ô‡∏≠‡πÄ‡∏ô‡∏Å‡∏õ‡∏£‡∏∞‡∏™‡∏á‡∏Ñ‡πå,"‡∏ø1,299 - ‡∏ø1,899",‡∏Ç‡∏≤‡∏¢‡πÅ‡∏•‡πâ‡∏ß 1.3‡∏û‡∏±‡∏ô ‡∏ä‡∏¥‡πâ‡∏ô,‡∏à‡∏±‡∏á‡∏´‡∏ß‡∏±‡∏î‡∏Å‡∏£‡∏∏‡∏á‡πÄ‡∏ó‡∏û‡∏°‡∏´‡∏≤‡∏ô‡∏Ñ‡∏£,https://shopee.co.th//-‡∏£‡∏±‡∏ö‡∏õ‡∏£‡∏∞‡∏Å‡∏±‡∏ô‡∏®‡∏π‡∏ô‡∏¢‡πå‡πÑ‡∏ó‡∏¢-1‡∏õ‡∏µ-5.5L-Air-Fryer-‡∏´‡∏ô‡πâ‡∏≤‡∏ï‡πà‡∏≤‡∏á‡∏™‡∏£‡πâ‡∏≤‡∏á‡∏†‡∏≤‡∏û-‡∏´‡∏°‡πâ‡∏≠‡∏ó‡∏≠‡∏î‡πÑ‡∏£‡πâ‡∏ô‡πâ‡∏≥‡∏°‡∏±‡∏ô-‡∏´‡∏°‡πâ‡∏≠‡∏ó‡∏≠‡∏î‡∏≠‡∏≤‡∏Å‡∏≤‡∏®-‡∏ó‡∏≠‡∏î‡πÑ‡∏ü‡∏ü‡πâ‡∏≤‡πÑ‡∏£‡πâ‡∏ô‡πâ‡∏≥‡∏°‡∏±‡∏ô‡∏≠‡πÄ‡∏ô‡∏Å‡∏õ‡∏£‡∏∞‡∏™‡∏á‡∏Ñ‡πå-i.832846313.20235622473?sp_atk=349d96b6-de85-476e-af9a-8f210d6e9a2b&xptdk=349d96b6-de85-476e-af9a-8f210d6e9a2b
59,Gaabor Air Fryer ‡∏´‡∏°‡πâ‡∏≠‡∏ó‡∏≠‡∏î‡πÑ‡∏£‡πâ‡∏ô‡πâ‡∏≥‡∏°‡∏±‡∏ô‡πÉ‡∏´‡∏°‡πà‡∏•‡πà‡∏≤‡∏™‡∏∏‡∏î ‡∏£‡∏∏‡πà‡∏ô GA-M4D ‡∏Ç‡∏ô‡∏≤‡∏î 4L ‡πÄ‡∏ï‡∏≤‡∏≠‡∏ö‡πÑ‡∏ü‡∏ü‡πâ‡∏≤ ‡πÄ‡∏ï‡∏≤‡∏≠‡∏ö‡∏•‡∏°‡∏£‡πâ‡∏≠‡∏ô,"‡∏ø899 - ‡∏ø1,289",‡∏Ç‡∏≤‡∏¢‡πÅ‡∏•‡πâ‡∏ß 1.2‡∏û‡∏±‡∏ô ‡∏ä‡∏¥‡πâ‡∏ô,‡∏à‡∏±‡∏á‡∏´‡∏ß‡∏±‡∏î‡∏Å‡∏£‡∏∏‡∏á‡πÄ‡∏ó‡∏û‡∏°‡∏´‡∏≤‡∏ô‡∏Ñ‡∏£,https://shopee.co.th//Gaabor-Air-Fryer-‡∏´‡∏°‡πâ‡∏≠‡∏ó‡∏≠‡∏î‡πÑ‡∏£‡πâ‡∏ô‡πâ‡∏≥‡∏°‡∏±‡∏ô‡πÉ‡∏´‡∏°‡πà‡∏•‡πà‡∏≤‡∏™‡∏∏‡∏î-‡∏£‡∏∏‡πà‡∏ô-GA-M4D-‡∏Ç‡∏ô‡∏≤‡∏î-4L-‡πÄ‡∏ï‡∏≤‡∏≠‡∏ö‡πÑ‡∏ü‡∏ü‡πâ‡∏≤-‡πÄ‡∏ï‡∏≤‡∏≠‡∏ö‡∏•‡∏°‡∏£‡πâ‡∏≠‡∏ô-i.494855778.19137824258?sp_atk=c4700245-7e0e-482f-b63c-bcfdadb27c6a&xptdk=c4700245-7e0e-482f-b63c-bcfdadb27c6a
