,ID,URL
0,1,https://www.35mmc.com/26/02/2021/panorama-wide-pic-review/
0,2,https://www.35mmc.com/20/05/2016/halina-af700-review/
0,3,https://www.35mmc.com/15/08/2022/ricoh-mirai-olympus-az-4-zoom-review-fraternal-twins-by-david-tellet/
0,4,https://www.35mmc.com/28/10/2020/pf-micro-110-high-tech-110-camera-and-some-fresh-film-by-jordi-fradera/
0,5,https://www.35mmc.com/05/06/2020/fujifilm-zoom-date-1000-1300-and-160s-review/
0,6,https://www.35mmc.com/28/01/2019/cosina-cx-2-review/
0,7,https://www.35mmc.com/11/03/2021/minox-110s-a-mini-review/
0,8,https://www.35mmc.com/22/12/2020/panasonic-c-3000zm-review/
0,9,https://www.35mmc.com/27/03/2016/olympus-xa2-review-love-camera/
0,10,https://www.35mmc.com/13/07/2021/minolta-hi-matic-g-the-bare-essentials-by-cosmo-coughlin/
0,11,https://www.35mmc.com/14/01/2014/fuji-zoom-date-2-8-silvi-review/
0,12,https://www.35mmc.com/13/07/2021/minolta-hi-matic-g-the-bare-essentials-by-cosmo-coughlin/
0,13,https://www.35mmc.com/02/05/2019/yashica-auto-focus-moto-review/
0,14,https://www.35mmc.com/27/11/2020/agfa-optima-sensor-flash-review/
0,15,https://www.35mmc.com/12/11/2021/lensfayre-snap-lf35-m-a-sustainable-customisable-reusable-camera/
0,16,https://www.35mmc.com/28/10/2022/olympus-trip-35-on-holiday-part-1-keeping-it-simple-in-new-zealand-by-david-hume/
0,17,https://www.35mmc.com/13/07/2021/minolta-hi-matic-g-the-bare-essentials-by-cosmo-coughlin/
0,18,https://www.35mmc.com/28/10/2022/olympus-trip-35-on-holiday-part-1-keeping-it-simple-in-new-zealand-by-david-hume/
0,19,https://www.35mmc.com/20/11/2016/minox-35gt-ilford-hp5-streets-berlin/
0,20,https://www.35mmc.com/23/11/2018/voigtlander-vito-ii-review/
0,21,https://www.35mmc.com/26/07/2022/konica-ee-matic-260-ilford-sportsman-c-reviving-two-instamatic-cameras-by-tobias-eriksson/
0,22,https://www.35mmc.com/14/04/2018/konica-aa-35-reporter-review/
0,23,https://www.35mmc.com/08/06/2016/samsung-vega-140s-review/
0,24,https://www.35mmc.com/23/08/2015/olympus-mju-iii-wide-100-review/
0,25,https://www.35mmc.com/17/11/2016/canon-sure-shot-sleekprima-mini-ii-review/
0,26,https://www.35mmc.com/20/11/2016/minox-35gt-ilford-hp5-streets-berlin/
0,27,https://www.35mmc.com/14/03/2015/rollei-35se-review-zone-focus-camera/
0,28,https://www.35mmc.com/25/05/2021/rollei-a110-the-110-a-review-by-bob-janes/
0,29,https://www.35mmc.com/01/07/2019/lomo-lc-a-a-one-roll-15-year-review/
0,30,https://www.35mmc.com/12/11/2017/nikonos-iii-dry-land-review/
0,31,https://www.35mmc.com/12/11/2021/lensfayre-snap-lf35-m-a-sustainable-customisable-reusable-camera/
0,32,https://www.35mmc.com/13/10/2022/alfie-tych-preview-an-eccentric-camera-that-fits-in-the-palm-of-your-hand/
0,33,https://www.35mmc.com/21/02/2019/nikonos-v-35mm-f-2-5-fuji-superia-x-tra-400/
0,34,https://www.35mmc.com/13/08/2020/hanimex-vef-mini-camera-mini-review-by-tobias-eriksson/
0,35,https://www.35mmc.com/07/12/2018/canon-sure-shot-max-review/
0,36,https://www.35mmc.com/05/04/2019/voigtlander-vito-bl-by-andrew-morang/
0,37,https://www.35mmc.com/29/03/2019/nikon-l35af-a-mini-review-by-giacomo-zema/
0,38,https://www.35mmc.com/05/06/2020/fujifilm-zoom-date-1000-1300-and-160s-review/
0,39,https://www.35mmc.com/03/09/2021/texet-tx-500-review-fake-autoexposure-compact-by-rock/
0,40,https://www.35mmc.com/08/01/2015/olympus-af-10-super-review/
0,41,https://www.35mmc.com/03/06/2021/my-journey-shooting-85-analog-cameras-and-writing-a-book-about-it-by-christof-bircher/
0,42,https://www.35mmc.com/24/05/2015/chinon-auto-3001/
0,43,https://www.35mmc.com/13/10/2022/alfie-tych-preview-an-eccentric-camera-that-fits-in-the-palm-of-your-hand/
0,44,https://www.35mmc.com/13/07/2021/minolta-hi-matic-g-the-bare-essentials-by-cosmo-coughlin/
0,45,https://www.35mmc.com/02/02/2021/minox-35-gt-e-review-scale-focusing-a-pocket-camera-by-anton-yakovlev/
0,46,https://www.35mmc.com/22/01/2021/regula-rm-mastra-v35-review/
0,47,https://www.35mmc.com/07/08/2020/vivitar-tec-45-and-panasonic-c-600-review/
0,48,https://www.35mmc.com/29/03/2021/rollei-35-my-experiences-with-and-love-for-these-little-cameras/
0,49,https://www.35mmc.com/31/03/2016/lomo-lc-love-review/
0,50,https://www.35mmc.com/19/05/2020/panasonic-lumix-lc5-review/
0,51,https://www.35mmc.com/23/05/2019/chinon-bellami-mini-review/
0,52,https://www.35mmc.com/05/04/2019/voigtlander-vito-bl-by-andrew-morang/
0,53,https://www.35mmc.com/29/12/2019/panasonic-gm1-a-digital-ilc-alternative-to-the-olympus-xa2-by-charles-higham/
0,54,https://www.35mmc.com/08/12/2020/yashica-rapide-half-frame-review/
0,55,https://www.35mmc.com/28/10/2017/canon-demi-c-half-review-tobias-eriksson/
0,56,https://www.35mmc.com/05/01/2021/olympus-af-1-mini-review/
0,57,https://www.35mmc.com/13/12/2015/voigtlander-bessa-l-review/
0,58,https://www.35mmc.com/23/11/2018/voigtlander-vito-ii-review/
0,59,https://www.35mmc.com/03/02/2021/rollei-35s-choosing-a-film-partner-for-another-pocket-camera-by-phil-calvit/
0,60,https://www.35mmc.com/14/03/2015/rollei-35se-review-zone-focus-camera/
0,61,https://www.35mmc.com/23/04/2017/nikonos-v-underwater/
0,62,https://www.35mmc.com/18/05/2013/voigtlander-vito-b-review/
0,63,https://www.35mmc.com/13/12/2015/voigtlander-bessa-l-review/
0,64,https://www.35mmc.com/09/02/2021/diax-l-1-a-review/
0,65,https://www.35mmc.com/16/05/2016/olympus-pen-ee-2-review-2/
0,66,https://www.35mmc.com/11/01/2019/minox-35-gt-guest-review/
0,67,https://www.35mmc.com/26/07/2022/konica-ee-matic-260-ilford-sportsman-c-reviving-two-instamatic-cameras-by-tobias-eriksson/
0,68,https://www.35mmc.com/01/10/2022/voigtlander-vito-cl-the-dad-cam-by-hans-gastafsson/
0,69,https://www.35mmc.com/03/02/2021/rollei-35s-choosing-a-film-partner-for-another-pocket-camera-by-phil-calvit/
0,70,https://www.35mmc.com/02/09/2017/olympus-pen-ee-2-review/
0,71,https://www.35mmc.com/15/12/2019/zeiss-ikon-contina-iii-review-by-charles-higham/
0,72,https://www.35mmc.com/31/10/2022/voigtlander-vito-iia-review-going-full-circle-by-tony-warren/
0,73,https://www.35mmc.com/17/06/2017/smena-8m-review-sometimes-just-play/
0,74,https://www.35mmc.com/28/05/2017/kodak-retinette-1a-review/
0,75,https://www.35mmc.com/12/11/2017/nikonos-iii-dry-land-review/
0,76,https://www.35mmc.com/28/01/2019/cosina-cx-2-review/
0,77,https://www.35mmc.com/13/07/2021/minolta-hi-matic-g-the-bare-essentials-by-cosmo-coughlin/
0,78,https://www.35mmc.com/01/07/2020/olympus-xa-and-other-compacts-rediscovering-old-flames-by-alan-reich/
0,79,https://www.35mmc.com/14/03/2015/rollei-35se-review-zone-focus-camera/
0,80,https://www.35mmc.com/28/08/2020/fight-of-the-fifties-by-bent_brent/
0,81,https://www.35mmc.com/07/11/2015/first-film-camera-part-2-guest-post-aukje/
0,82,https://www.35mmc.com/12/11/2017/nikonos-iii-dry-land-review/
0,83,https://www.35mmc.com/29/03/2021/rollei-35-my-experiences-with-and-love-for-these-little-cameras/
0,84,https://www.35mmc.com/15/12/2013/my-failing-right-eye-an-old-watch-the-leica-m7-and-learning-how-to-frame-a-photo-again/
0,85,https://www.35mmc.com/23/04/2017/nikonos-v-underwater/
0,86,https://www.35mmc.com/12/07/2016/lomo-lc-a-alternatives/
0,87,https://www.35mmc.com/27/12/2021/comparing-the-zeiss-icon-voigtlander-500-se-electronic-and-the-1000-sr-by-nigel-h/
0,88,https://www.35mmc.com/28/01/2019/cosina-cx-2-review/
0,89,https://www.35mmc.com/21/09/2022/foveon-color-and-infrared-black-white-back-to-back-comparison-w-sigma-dp2-quattro-and-sd-quattro-by-eric-l-woods/
0,90,https://www.35mmc.com/14/02/2015/karmera-act-giving-away-gear/
0,91,https://www.35mmc.com/15/08/2016/leica-m8-important-use-ccd-look-photos/
0,92,https://www.35mmc.com/22/06/2020/enjoying-some-pentax-slr-gear-acquisition-syndrome/
0,93,https://www.35mmc.com/07/11/2019/why-are-you-carrying-the-camera-by-frank-h-wu/
0,94,https://www.35mmc.com/09/08/2014/film-camera-tool-more/
0,95,https://www.35mmc.com/06/06/2022/hiking-the-uncanny-valley-by-don-goodman-wilson/
0,96,https://www.35mmc.com/01/01/2016/the-gas-horseshoe/
0,97,https://www.35mmc.com/08/12/2020/yashica-rapide-half-frame-review/
0,98,https://www.35mmc.com/28/10/2022/olympus-trip-35-on-holiday-part-1-keeping-it-simple-in-new-zealand-by-david-hume/
0,99,https://www.35mmc.com/07/06/2013/petri-color-35-through-the-viewfinder/
0,100,https://www.35mmc.com/14/01/2019/leica-standard-review/
0,101,https://www.35mmc.com/26/07/2022/konica-ee-matic-260-ilford-sportsman-c-reviving-two-instamatic-cameras-by-tobias-eriksson/
0,102,https://www.35mmc.com/17/12/2019/cameradactyl-brancopan/
0,103,https://www.35mmc.com/23/05/2019/chinon-bellami-mini-review/
0,104,https://www.35mmc.com/30/03/2019/olympus-mju-ii-kodak-t-max-400-lessons-from-the-forgotten-ones-by-jon-yk-lee/
0,105,https://www.35mmc.com/26/04/2015/canon-prima-bf-80-date-snappy-qt-date-review/
0,106,https://www.35mmc.com/05/03/2020/beauty-of-basic-life-with-one-lens/
0,107,https://www.35mmc.com/07/12/2018/canon-sure-shot-max-review/
0,108,https://www.35mmc.com/20/05/2016/halina-af700-review/
0,109,https://www.35mmc.com/14/01/2021/epaper-photo-printing-my-steampunk-photo-paper-by-marco-dughera/
0,110,https://www.35mmc.com/27/08/2021/panasonic-gf1-7artisans-18mm-my-analog-point-shoot-experience-digital-camera-by-frankie-bina/
0,111,https://www.35mmc.com/24/05/2019/compact-magic-turning-into-a-point-and-shooter-by-christian-schroeder/
0,112,https://www.35mmc.com/17/06/2021/rediscovering-the-slr-with-a-nikon-f-by-hern-tan/
0,113,https://www.35mmc.com/22/04/2022/kodak-retina-118-more-than-a-camera-by-lisa-murphy/
0,114,https://www.35mmc.com/20/05/2018/adapting-lenses-kf-concept-simon-forster-another-podcast-appearance/
0,115,https://www.35mmc.com/13/01/2018/nikon-f75-review-project-pt-4/
0,116,https://www.35mmc.com/06/06/2022/hiking-the-uncanny-valley-by-don-goodman-wilson/
0,117,https://www.35mmc.com/29/02/2020/praktica-l-slrs-review/
0,118,https://www.35mmc.com/09/02/2018/not-camera-frank-h-wu/
0,119,https://www.35mmc.com/10/01/2017/lure-uncomplicated-camera/
0,120,https://www.35mmc.com/01/07/2020/olympus-xa-and-other-compacts-rediscovering-old-flames-by-alan-reich/
0,121,https://www.35mmc.com/13/01/2018/nikon-f75-review-project-pt-4/
0,122,https://www.35mmc.com/31/07/2020/one-camera-one-lens-a-methodology-that-stuck-by-jack-lowe/
0,123,https://www.35mmc.com/15/02/2021/bokeh-finally-rationalising-my-relationship/
0,124,https://www.35mmc.com/02/10/2015/minolta-riva-mini-review/
0,125,https://www.35mmc.com/14/01/2014/fuji-zoom-date-2-8-silvi-review/
0,126,https://www.35mmc.com/28/03/2022/chinon-belami-af-review/
0,127,https://www.35mmc.com/23/05/2019/chinon-bellami-mini-review/
0,128,https://www.35mmc.com/08/01/2015/olympus-af-10-super-review/
0,129,https://www.35mmc.com/27/06/2018/olympus-mju-ii-zoom-80-panorama-review/
0,130,https://www.35mmc.com/30/01/2022/the-benefits-of-bw-polyester-film-by-emanuel-hentes/
0,131,https://www.35mmc.com/30/01/2016/nikon-l35af-review/
0,132,https://www.35mmc.com/19/05/2019/the-kit-before-the-horse-by-david-allen/
0,133,https://www.35mmc.com/22/10/2021/samsung-slim-zoom-1150-review/
0,134,https://www.35mmc.com/12/02/2016/ricoh-r1-rollei-prego-micron/
0,135,https://www.35mmc.com/11/06/2016/canon-sure-shot-af8-review/
0,136,https://www.35mmc.com/28/03/2019/ricoh-gr10-review-diamond/
0,137,https://www.35mmc.com/14/04/2018/konica-aa-35-reporter-review/
0,138,https://www.35mmc.com/10/11/2019/olympus-xa-digital-palate-cleansing/
0,139,https://www.35mmc.com/22/12/2020/panasonic-c-3000zm-review/
0,140,https://www.35mmc.com/09/12/2017/yashica-t4-zoom-review/
0,141,https://www.35mmc.com/09/10/2018/konica-z-up-100w-review/
0,142,https://www.35mmc.com/11/06/2016/canon-sure-shot-af8-review/
0,143,https://www.35mmc.com/09/10/2020/olympus-mju-v-review/
0,144,https://www.35mmc.com/22/11/2016/lomo-lc-wide-review/
0,145,https://www.35mmc.com/26/04/2015/canon-prima-bf-80-date-snappy-qt-date-review/
0,146,https://www.35mmc.com/12/07/2019/agfa-karat-36-review/
0,147,https://www.35mmc.com/02/10/2015/minolta-riva-mini-review/
0,148,https://www.35mmc.com/07/12/2020/canon-sure-shot-ex-review/
0,149,https://www.35mmc.com/19/07/2018/rollei-prego-70-trouble-names-pedro-trevinos-ps-journal-3/
0,150,https://www.35mmc.com/22/10/2021/samsung-slim-zoom-1150-review/
0,151,https://www.35mmc.com/01/07/2019/lomo-lc-a-a-one-roll-15-year-review/
0,152,https://www.35mmc.com/21/04/2018/chinon-35-fs-ii-review/
0,153,https://www.35mmc.com/05/02/2014/fujifilm-dl-270-zoom-date-review/
0,154,https://www.35mmc.com/26/02/2021/panorama-wide-pic-review/
0,155,https://www.35mmc.com/27/07/2021/minolta-hi-matic-7s-and-a-sentimental-journey-discovering-true-optical-prints-by-shawn-granton/
0,156,https://www.35mmc.com/31/10/2013/olympus-xa-classic/
0,157,https://www.35mmc.com/24/05/2015/chinon-auto-3001/
0,158,https://www.35mmc.com/03/08/2021/yashica-elite-70-review/
0,159,https://www.35mmc.com/08/03/2015/minolta-af101r-review/
0,160,https://www.35mmc.com/19/03/2021/canon-110ed-a-mini-review/
0,161,https://www.35mmc.com/20/01/2016/canon-af35ml-review/
0,162,https://www.35mmc.com/22/04/2017/halina-panorama/
0,163,https://www.35mmc.com/17/08/2021/cannonmate-ae-808-shooting-a-very-fake-canon-by-karl-gustavsson/
0,164,https://www.35mmc.com/13/07/2018/petri-1-9-color-corrected-super-type-iii-rangefinder-review/
0,165,https://www.35mmc.com/16/12/2018/konica-z-up-150-vp-mini-review/
0,166,https://www.35mmc.com/05/01/2021/olympus-af-1-mini-review/
0,167,https://www.35mmc.com/14/12/2019/leica-minilux-death-by-e02-5-frames-with-a-beautiful-brick-by-bill-thoo/
0,168,https://www.35mmc.com/09/09/2019/pentax-espio-80-review/
0,169,https://www.35mmc.com/01/03/2016/modifying-shooting-vivitar-ultra-wide-and-slim/
0,170,https://www.35mmc.com/28/10/2020/pf-micro-110-high-tech-110-camera-and-some-fresh-film-by-jordi-fradera/
0,171,https://www.35mmc.com/08/07/2013/konica-big-mini-review-yeah-its-not-bad/
0,172,https://www.35mmc.com/07/09/2020/rollei-prego-125-review/
0,173,https://www.35mmc.com/30/12/2014/pentax-espio-mini-uc-1/
0,174,https://www.35mmc.com/07/08/2020/vivitar-tec-45-and-panasonic-c-600-review/
0,175,https://www.35mmc.com/29/12/2019/panasonic-gm1-a-digital-ilc-alternative-to-the-olympus-xa2-by-charles-higham/
0,176,https://www.35mmc.com/24/05/2015/chinon-auto-3001/
0,177,https://www.35mmc.com/17/05/2019/yashica-t3-super-d-review/
0,178,https://www.35mmc.com/28/03/2019/ricoh-gr10-review-diamond/
0,179,https://www.35mmc.com/09/07/2016/miranda-a-x/
0,180,https://www.35mmc.com/30/03/2019/olympus-mju-ii-kodak-t-max-400-lessons-from-the-forgotten-ones-by-jon-yk-lee/
0,181,https://www.35mmc.com/15/08/2022/ricoh-mirai-olympus-az-4-zoom-review-fraternal-twins-by-david-tellet/
0,182,https://www.35mmc.com/15/03/2014/canon-prima-super-120-review/
0,183,https://www.35mmc.com/07/04/2015/leica-mini-one-roll-review/
0,184,https://www.35mmc.com/08/03/2015/minolta-af101r-review/
0,185,https://www.35mmc.com/17/11/2016/canon-sure-shot-sleekprima-mini-ii-review/
0,186,https://www.35mmc.com/06/05/2016/olympus-xa4-review/
0,187,https://www.35mmc.com/03/08/2021/yashica-elite-70-review/
0,188,https://www.35mmc.com/12/02/2020/a-paxette-pinhole-conversion-and-a-walk-in-the-countryside-by-rock/
0,189,https://www.35mmc.com/01/03/2016/modifying-shooting-vivitar-ultra-wide-and-slim/
0,190,https://www.35mmc.com/05/03/2016/ricoh-ff-8wr-review/
0,191,https://www.35mmc.com/14/01/2014/fuji-zoom-date-2-8-silvi-review/
0,192,https://www.35mmc.com/31/10/2013/olympus-xa-classic/
0,193,https://www.35mmc.com/18/01/2019/fuji-natura-black-review/
0,194,https://www.35mmc.com/05/08/2016/konica-genba-kantoku-28wb-review/
0,195,https://www.35mmc.com/25/04/2020/carena-mini-zoom-115s-review-by-gandhi-cabanas/
0,196,https://www.35mmc.com/14/12/2019/leica-minilux-death-by-e02-5-frames-with-a-beautiful-brick-by-bill-thoo/
0,197,https://www.35mmc.com/07/12/2020/canon-sure-shot-ex-review/
0,198,https://www.35mmc.com/23/09/2016/nikon-310-zoom-review/
0,199,https://www.35mmc.com/08/07/2013/konica-big-mini-review-yeah-its-not-bad/
0,200,https://www.35mmc.com/07/05/2021/canon-sure-shot-z90w-review/
0,201,https://www.35mmc.com/07/12/2020/canon-sure-shot-ex-review/
0,202,https://www.35mmc.com/29/04/2019/canon-mc-review/
0,203,https://www.35mmc.com/26/09/2016/leica-c2-zoom-review/
0,204,https://www.35mmc.com/08/03/2015/minolta-af101r-review/
0,205,https://www.35mmc.com/12/11/2021/lensfayre-snap-lf35-m-a-sustainable-customisable-reusable-camera/
0,206,https://www.35mmc.com/11/06/2016/canon-sure-shot-af8-review/
0,207,https://www.35mmc.com/03/02/2018/yashica-t2-review/
0,208,https://www.35mmc.com/29/03/2019/nikon-l35af-a-mini-review-by-giacomo-zema/
0,209,https://www.35mmc.com/28/04/2018/canon-sure-shot-supreme-review/
0,210,https://www.35mmc.com/12/05/2018/fuji-natura-s-review/
0,211,https://www.35mmc.com/15/06/2016/olympus-af-1-twin-review/
0,212,https://www.35mmc.com/07/09/2020/rollei-prego-125-review/
0,213,https://www.35mmc.com/25/06/2016/halina-af810-review/
0,214,https://www.35mmc.com/22/02/2016/minolta-riva-panorama-intermezzo/
0,215,https://www.35mmc.com/07/07/2016/olympus-xa-review-mighty-micro-machine/
0,216,https://www.35mmc.com/20/04/2021/minolta-freedom-zoom-160-date-review/
0,217,https://www.35mmc.com/03/09/2018/olympus-af10-review/
0,218,https://www.35mmc.com/11/06/2016/canon-sure-shot-af8-review/
0,219,https://www.35mmc.com/19/07/2018/rollei-prego-70-trouble-names-pedro-trevinos-ps-journal-3/
0,220,https://www.35mmc.com/23/01/2020/olympus-stylus-epic-zoom-80-review/
0,221,https://www.35mmc.com/21/04/2018/chinon-35-fs-ii-review/
0,222,https://www.35mmc.com/19/03/2021/canon-110ed-a-mini-review/
0,223,https://www.35mmc.com/09/12/2017/yashica-t4-zoom-review/
0,224,https://www.35mmc.com/28/03/2015/nikon-af3-review/
0,225,https://www.35mmc.com/03/08/2021/yashica-elite-70-review/
0,226,https://www.35mmc.com/30/01/2016/nikon-l35af-review/
0,227,https://www.35mmc.com/11/03/2021/minox-110s-a-mini-review/
0,228,https://www.35mmc.com/19/03/2021/canon-110ed-a-mini-review/
0,229,https://www.35mmc.com/19/07/2018/rollei-prego-70-trouble-names-pedro-trevinos-ps-journal-3/
0,230,https://www.35mmc.com/18/03/2019/olympus-mju-ii-review/
0,231,https://www.35mmc.com/15/08/2022/ricoh-mirai-olympus-az-4-zoom-review-fraternal-twins-by-david-tellet/
0,232,https://www.35mmc.com/03/08/2018/canon-af35m-making-review/
0,233,https://www.35mmc.com/25/09/2020/minolta-riva-zoom-110-review/
0,234,https://www.35mmc.com/07/08/2020/vivitar-tec-45-and-panasonic-c-600-review/
0,235,https://www.35mmc.com/22/12/2020/panasonic-c-3000zm-review/
0,236,https://www.35mmc.com/23/02/2021/chinon-auto-2001-kodak-vr35-k14-review/
0,237,https://www.35mmc.com/19/03/2021/canon-110ed-a-mini-review/
0,238,https://www.35mmc.com/29/04/2019/canon-mc-review/
0,239,https://www.35mmc.com/30/12/2014/pentax-espio-mini-uc-1/
0,240,https://www.35mmc.com/25/06/2021/ricoh-r10-first-rolls-mini-review-by-louis-boothman/
0,241,https://www.35mmc.com/23/08/2015/olympus-mju-iii-wide-100-review/
0,242,https://www.35mmc.com/26/07/2022/konica-ee-matic-260-ilford-sportsman-c-reviving-two-instamatic-cameras-by-tobias-eriksson/
0,243,https://www.35mmc.com/28/07/2019/agfa-1035-ektachrome/
0,244,https://www.35mmc.com/02/09/2018/kodak-pro-image-100-review/
0,245,https://www.35mmc.com/19/01/2021/fuji-superia-400-single-roll-review-by-christian-schroeder/
0,246,https://www.35mmc.com/16/03/2021/olympus-35-ec-and-ec2-review/
0,247,https://www.35mmc.com/13/05/2016/ilford-hp5-vs-kodak-tri-x-aukje/
0,248,https://www.35mmc.com/12/08/2019/kodak-e100-forgetting-my-expectations-and-embracing-a-bit-of-failure/
0,249,https://www.35mmc.com/16/05/2016/olympus-pen-ee-2-review-2/
0,250,https://www.35mmc.com/22/02/2019/canon-demi-ee17/
0,251,https://www.35mmc.com/16/03/2021/olympus-35-ec-and-ec2-review/
0,252,https://www.35mmc.com/27/03/2016/olympus-xa2-review-love-camera/
0,253,https://www.35mmc.com/11/08/2018/kodak-p3200-happiness-found-lazy-hybrid-35mm-workflow-kodak-tmax-p3200-works-well/
0,254,https://www.35mmc.com/03/08/2019/fujifilm-neopan-400-review/
0,255,https://www.35mmc.com/02/01/2020/on-finding-inspiration-dont-hold-your-breath-by-david-hume/
0,256,https://www.35mmc.com/17/03/2022/what-the-heck-is-chimping-by-cire-llissat/
0,257,https://www.35mmc.com/25/11/2017/rollei-35-cameras-review/
0,258,https://www.35mmc.com/11/01/2019/minox-35-gt-guest-review/
0,259,https://www.35mmc.com/22/05/2013/olympus-trip-35-through-the-viewfinder/
0,260,https://www.35mmc.com/05/09/2015/petri-color-35-review/
0,261,https://www.35mmc.com/12/07/2016/lomo-lc-a-alternatives/
0,262,https://www.35mmc.com/28/01/2019/cosina-cx-2-review/
0,263,https://www.35mmc.com/20/04/2021/minolta-freedom-zoom-160-date-review/
0,264,https://www.35mmc.com/15/03/2014/canon-prima-super-120-review/
0,265,https://www.35mmc.com/31/10/2013/olympus-xa-classic/
0,266,https://www.35mmc.com/04/11/2021/olympus-pen-ee-3-shooting-film-in-barcelona-by-jordi-fradera/
0,267,https://www.35mmc.com/08/12/2020/yashica-rapide-half-frame-review/
0,268,https://www.35mmc.com/21/01/2019/cosmic-35-review-multiple-exposure-project/
0,269,https://www.35mmc.com/28/05/2017/kodak-retinette-1a-review/
0,270,https://www.35mmc.com/31/10/2022/voigtlander-vito-iia-review-going-full-circle-by-tony-warren/
0,271,https://www.35mmc.com/06/05/2016/olympus-xa4-review/
0,272,https://www.35mmc.com/26/07/2022/konica-ee-matic-260-ilford-sportsman-c-reviving-two-instamatic-cameras-by-tobias-eriksson/
0,273,https://www.35mmc.com/12/02/2016/ricoh-r1-rollei-prego-micron/
0,274,https://www.35mmc.com/17/11/2016/canon-sure-shot-sleekprima-mini-ii-review/
0,275,https://www.35mmc.com/27/04/2021/konica-c35-ef-mini-review/
0,276,https://www.35mmc.com/08/05/2013/olympus-trip-35-review/
0,277,https://www.35mmc.com/01/10/2022/voigtlander-vito-cl-the-dad-cam-by-hans-gastafsson/
0,278,https://www.35mmc.com/13/12/2015/voigtlander-bessa-l-review/
0,279,https://www.35mmc.com/17/12/2019/cameradactyl-brancopan/
0,280,https://www.35mmc.com/23/07/2018/modding-halina-anastigmat-f-3-5-45mm-tobias-eriksson/
0,281,https://www.35mmc.com/24/03/2021/yashica-j-and-j2-ninja-star-mini-review-back-to-the-80s-by-meifei-tang/
0,282,https://www.35mmc.com/12/06/2020/ricoh-griii-review/
0,283,https://www.35mmc.com/05/01/2023/news-luminar-100-35mm-color-film-released-by-popho-camera-company/
0,284,https://www.35mmc.com/24/02/2020/news-fp4party-a-party-to-celebrate-ilford-photo-fp4-plus-film-by-sandeep/
0,285,https://www.35mmc.com/02/05/2019/yashica-auto-focus-moto-review/
0,286,https://www.35mmc.com/05/11/2019/canon-model-7-my-camera/
0,287,https://www.35mmc.com/29/12/2019/panasonic-gm1-a-digital-ilc-alternative-to-the-olympus-xa2-by-charles-higham/
0,288,https://www.35mmc.com/30/08/2021/sony-a7iii-mini-review-finding-the-darkside/
0,289,https://www.35mmc.com/13/06/2018/ricoh-gr-digital-classic-review/
0,290,https://www.35mmc.com/11/02/2019/leica-m240-review/
0,291,https://www.35mmc.com/26/04/2016/fuji-x70-review-photographers-camera/
0,292,https://www.35mmc.com/12/06/2020/ricoh-griii-review/
0,293,https://www.35mmc.com/04/03/2017/fuji-x-pro-stopped-worrying-buying-digital-leica/
0,294,https://www.35mmc.com/22/08/2016/leica-m8-review/
0,295,https://www.35mmc.com/08/06/2021/leica-m10-d-essence-of-photography/
0,296,https://www.35mmc.com/16/12/2017/leica-m2-overlooked-lesser-sibling-minimalist-gold-standard-talisman-classic-leicadom-wide-angle/
0,297,https://www.35mmc.com/08/10/2016/ricoh-ff9s-review/
0,298,https://www.35mmc.com/28/02/2019/olympus-az-1-zoom-review/
0,299,https://www.35mmc.com/03/12/2016/leica-m-d-or-not-to-m-d/
0,300,https://www.35mmc.com/23/05/2019/chinon-bellami-mini-review/
0,301,https://www.35mmc.com/09/06/2018/leica-q-review/
0,302,https://www.35mmc.com/01/07/2019/lomo-lc-a-a-one-roll-15-year-review/
0,303,https://www.35mmc.com/02/05/2019/yashica-auto-focus-moto-review/
0,304,https://www.35mmc.com/20/11/2016/minox-35gt-ilford-hp5-streets-berlin/
0,305,https://www.35mmc.com/11/08/2020/sprocket-rocket-2-0-review-a-day-at-the-fair-by-alex-vye/
0,306,https://www.35mmc.com/14/10/2021/pentax-iqzoom-928-review/
0,307,https://www.35mmc.com/22/12/2020/panasonic-c-3000zm-review/
0,308,https://www.35mmc.com/22/02/2020/yashica-t4-review-2-goodbye/
0,309,https://www.35mmc.com/07/12/2018/canon-sure-shot-max-review/
0,310,https://www.35mmc.com/09/10/2020/olympus-mju-v-review/
0,311,https://www.35mmc.com/01/03/2021/canon-sure-shot-m-mini-review/
0,312,https://www.35mmc.com/02/02/2021/minox-35-gt-e-review-scale-focusing-a-pocket-camera-by-anton-yakovlev/
0,313,https://www.35mmc.com/28/10/2022/olympus-trip-35-on-holiday-part-1-keeping-it-simple-in-new-zealand-by-david-hume/
0,314,https://www.35mmc.com/01/07/2019/lomo-lc-a-a-one-roll-15-year-review/
0,315,https://www.35mmc.com/05/09/2015/petri-color-35-review/
0,316,https://www.35mmc.com/13/12/2015/voigtlander-bessa-l-review/
0,317,https://www.35mmc.com/17/06/2017/smena-8m-review-sometimes-just-play/
0,318,https://www.35mmc.com/28/10/2017/canon-demi-c-half-review-tobias-eriksson/
0,319,https://www.35mmc.com/04/02/2016/first-rolls-leica-film-camera-part-2/
0,320,https://www.35mmc.com/25/01/2019/nikon-50mm-returning-to-the-cheap-fifty-a-homecoming-by-max-cooper/
0,321,https://www.35mmc.com/17/06/2017/smena-8m-review-sometimes-just-play/
0,322,https://www.35mmc.com/01/10/2022/voigtlander-vito-cl-the-dad-cam-by-hans-gastafsson/
0,323,https://www.35mmc.com/26/11/2016/zeiss-ikon-taxona-review/
0,324,https://www.35mmc.com/22/05/2013/olympus-trip-35-through-the-viewfinder/
0,325,https://www.35mmc.com/12/11/2017/nikonos-iii-dry-land-review/
0,326,https://www.35mmc.com/20/11/2016/minox-35gt-ilford-hp5-streets-berlin/
0,327,https://www.35mmc.com/28/01/2019/cosina-cx-2-review/
0,328,https://www.35mmc.com/14/03/2015/rollei-35se-review-zone-focus-camera/
0,329,https://www.35mmc.com/06/05/2022/bessa-l-love-and-hate-in-berlin-by-mike-brookes/
0,330,https://www.35mmc.com/27/11/2020/agfa-optima-sensor-flash-review/
0,331,https://www.35mmc.com/19/05/2019/the-kit-before-the-horse-by-david-allen/
0,332,https://www.35mmc.com/10/02/2017/post-process-colour-images-shot-with-the-leica-m9-in-low-light/
0,333,https://www.35mmc.com/29/05/2017/disposable-cameras-reflections/
0,334,https://www.35mmc.com/25/02/2018/leica-mystique-brand-vs-camera/
0,335,https://www.35mmc.com/26/03/2017/finding-perfect-classic-sonnar-part-3-comparing-not-oranges-oranges/
0,336,https://www.35mmc.com/16/12/2018/konica-z-up-150-vp-mini-review/
0,337,https://www.35mmc.com/12/11/2021/lensfayre-snap-lf35-m-a-sustainable-customisable-reusable-camera/
0,338,https://www.35mmc.com/23/08/2015/olympus-mju-iii-wide-100-review/
0,339,https://www.35mmc.com/22/02/2022/the-leica-for-a-year-project-by-patrick-medd/
0,340,https://www.35mmc.com/28/01/2019/cosina-cx-2-review/
0,341,https://www.35mmc.com/23/04/2017/nikonos-v-underwater/
0,342,https://www.35mmc.com/14/12/2020/pentax-espio-170sl-review/
0,343,https://www.35mmc.com/11/06/2021/heresy-get-with-the-program-mode-by-bob-janes/
0,344,https://www.35mmc.com/28/03/2019/ricoh-gr10-review-diamond/
0,345,https://www.35mmc.com/09/08/2014/film-camera-tool-more/
0,346,https://www.35mmc.com/18/07/2019/point-and-shoot-shootout-on-a-budget-by-dan-marinelli/
0,347,https://www.35mmc.com/22/11/2016/lomo-lc-wide-review/
0,348,https://www.35mmc.com/07/07/2018/yashica-ninja-star-ii-af-j2-review/
0,349,https://www.35mmc.com/25/09/2020/minolta-riva-zoom-110-review/
0,350,https://www.35mmc.com/03/07/2016/pentax-espio-120-review/
0,351,https://www.35mmc.com/08/01/2015/olympus-af-10-super-review/
0,352,https://www.35mmc.com/20/04/2021/minolta-freedom-zoom-160-date-review/
0,353,https://www.35mmc.com/24/08/2020/monkeying-around-with-focal-length-and-perspective-by-sroyon-mukherjee/
0,354,https://www.35mmc.com/26/04/2015/canon-prima-bf-80-date-snappy-qt-date-review/
0,355,https://www.35mmc.com/30/12/2014/pentax-espio-mini-uc-1/
0,356,https://www.35mmc.com/17/05/2019/yashica-t3-super-d-review/
0,357,https://www.35mmc.com/26/02/2021/panorama-wide-pic-review/
0,358,https://www.35mmc.com/07/04/2015/leica-mini-one-roll-review/
0,359,https://www.35mmc.com/28/04/2018/canon-sure-shot-supreme-review/
0,360,https://www.35mmc.com/05/08/2016/konica-genba-kantoku-28wb-review/
0,361,https://www.35mmc.com/28/08/2020/lomography-fisheye-2-review/
0,362,https://www.35mmc.com/30/03/2019/olympus-mju-ii-kodak-t-max-400-lessons-from-the-forgotten-ones-by-jon-yk-lee/
0,363,https://www.35mmc.com/07/07/2018/yashica-ninja-star-ii-af-j2-review/
0,364,https://www.35mmc.com/20/05/2016/halina-af700-review/
0,365,https://www.35mmc.com/03/08/2018/canon-af35m-making-review/
0,366,https://www.35mmc.com/16/06/2020/3-focal-lengths-in-the-danish-marshland-by-sroyon-mukherjee/
0,367,https://www.35mmc.com/04/08/2016/winner-m4-julian-peter/
0,368,https://www.35mmc.com/15/01/2016/first-roll-with-the-hasselblad-xpan-ii-45mm/
0,369,https://www.35mmc.com/22/04/2021/repairing-shooting-a-nikon-em-50mm-f-1-8-by-jordi-fradera/
0,370,https://www.35mmc.com/08/04/2020/images-from-the-last-normal-thursday-in-tokyo-with-meg-hewitt-steven-bleistein/
0,371,https://www.35mmc.com/10/04/2018/5-frames-lomography-minitar-art-lens-barnaby-nutt/
0,372,https://www.35mmc.com/17/02/2019/1960s-new-york-dads-slides-scanned-by-charles-higham/
0,373,https://www.35mmc.com/05/07/2015/holywell-bay-in-the-mist/
0,374,https://www.35mmc.com/24/07/2020/behind-the-scenes-at-the-east-lancashire-railway-by-phil-harrison/
0,375,https://www.35mmc.com/04/07/2020/the-season-of-our-discontent-by-mark-seawell/
0,376,https://www.35mmc.com/18/02/2022/photographing-run-down-places-by-christian-schroeder/
0,377,https://www.35mmc.com/22/09/2021/the-pipes-man-and-me-by-merik/
0,378,https://www.35mmc.com/17/03/2021/not-at-home-with-my-rolleiflex-stefan-wilde/
0,379,https://www.35mmc.com/14/02/2021/ghosts-of-covid-a-photography-project-by-mike-beard/
0,380,https://www.35mmc.com/25/07/2022/stereoscopic-singapore-making-of-a-3d-photography-project-by-sroyon/
0,381,https://www.35mmc.com/08/04/2020/images-from-the-last-normal-thursday-in-tokyo-with-meg-hewitt-steven-bleistein/
0,382,https://www.35mmc.com/26/02/2022/the-american-southwest-3-days-3-rolls-of-film-part-1-the-painted-desert-inn-by-john-pemberton/
0,383,https://www.35mmc.com/03/03/2021/record-covers-the-chronicle-of-a-photo-shoot-for-bradford-with-4-cameras-by-fernando-martins/
0,384,https://www.35mmc.com/03/01/2021/tokyo-xpan-a-cinematic-view-of-japan-by-mike-amos/
0,385,https://www.35mmc.com/05/10/2021/moscow-dayze-self-published-photo-book-to-life/
0,386,https://www.35mmc.com/21/09/2020/nine-homemade-cameras-my-pinhole-journey-pt-1-by-sroyon-mukherjee/
0,387,https://www.35mmc.com/23/10/2022/lightning-in-bottles-5-camara-galletita-lumen-still-lifes-by-sonny-rosenberg/
0,388,https://www.35mmc.com/26/10/2020/shooting-diptychs-with-the-olympus-pen-ft-by-noel-roque/
0,389,https://www.35mmc.com/05/03/2022/3-days-3-rolls-of-film-in-the-american-southwest-pt-2-by-john-pemberton/
0,390,https://www.35mmc.com/21/04/2021/swimming-for-sam-documenting-louise-banks-by-harley-jaffar/
0,391,https://www.35mmc.com/23/02/2015/leica-iiic-competition-entries-21-40/
0,392,https://www.35mmc.com/09/06/2020/architectural-photography-with-a-50mm-lens-and-some-thoughts-on-minimalism-by-daniel-sigg/
0,393,https://www.35mmc.com/13/12/2021/i-am-lonely-said-spottie-the-spotmatic-by-andrew-morang/
0,394,https://www.35mmc.com/24/11/2022/mums-agfa-silette-and-kodak-gold-200-by-stuart-watchorn/
0,395,https://www.35mmc.com/13/04/2022/documenting-beijings-modern-architecture-by-yuze-chen/
0,396,https://www.35mmc.com/28/10/2021/an-experiment-with-sprocket-hole-panoramas-by-joris-koolen/
0,397,https://www.35mmc.com/30/12/2022/shooting-infrared-with-a-rangefinder-camera-rollei-infrared-film-and-a-retina-iic-by-tony-warren/
0,398,https://www.35mmc.com/11/07/2019/my-first-ever-roll-of-film-and-my-love-for-light-by-joshua-nutz/
0,399,https://www.35mmc.com/31/05/2022/trespassing-with-a-hasselblad-h2-by-brian-cox/
0,400,https://www.35mmc.com/20/06/2021/new-in-town-the-making-of-a-photo-book-and-finding-inspiration-right-where-i-live-by-robert-guanci/
0,401,https://www.35mmc.com/03/02/2022/glimpses-at-the-conservatory-a-photographic-project-by-john-pemberton/
0,402,https://www.35mmc.com/09/09/2013/breaking-my-xpro-cherry/
0,403,https://www.35mmc.com/29/10/2021/blur-is-a-part-of-life-a-collaborative-project/
0,404,https://www.35mmc.com/05/10/2020/seascapes-and-stories-you-cant-see/
0,405,https://www.35mmc.com/28/09/2022/revisiting-glimpses-and-opening-a-door-by-john-pemberton/
0,406,https://www.35mmc.com/17/10/2021/a-cinematic-photographer-discovering-new-horizons-by-nicola-armento/
0,407,https://www.35mmc.com/18/05/2022/travel-broadens-the-mind-by-bob-janes/
0,408,https://www.35mmc.com/24/08/2022/anecdotes-from-the-analogue-world-ep-1-by-nandakumar/
0,409,https://www.35mmc.com/31/03/2019/my-dark-side-night-photography-with-cinestill-800t-film-by-christian-schroeder/
0,410,https://www.35mmc.com/11/07/2015/cornwall-2015-the-last-day-the-lost-gardens-of-heligan/
0,411,https://www.35mmc.com/04/04/2021/single-frame-what-the-hell-did-i-do-by-gerard-exupery/
0,412,https://www.35mmc.com/04/11/2017/snapshots-commute/
0,413,https://www.35mmc.com/21/08/2021/shooting-film-on-the-trip-for-my-mothers-funeral-by-jim-mcconnell/
0,414,https://www.35mmc.com/22/09/2022/nikon-l35aw-af-lomography-babylon-when-it-all-goes-wrong-but-still-goes-places-by-marinka-stam/
0,415,https://www.35mmc.com/11/04/2021/meraki-photo-shoot-creativity-in-isolation-by-gavin-bain/
0,416,https://www.35mmc.com/14/06/2019/protest-photography-composing-and-shooting-hong-kongs-mass-protests-with-a-konica-hexar-rf-and-xpan/
0,417,https://www.35mmc.com/14/04/2021/my-approach-to-portrait-photography-on-film-by-ken-wagner/
0,418,https://www.35mmc.com/16/10/2016/shots-leica-m9/
0,419,https://www.35mmc.com/01/06/2020/shooting-5x4-with-connie-reminding-myself-how-easy-large-format-photography-is/
0,420,https://www.35mmc.com/21/10/2020/zero-2000-pinhole-camera-camel/
0,421,https://www.35mmc.com/13/03/2016/first-colour-photos-ms-optics-converted-nikon-l35-35mm-f2-8-sonnar/
0,422,https://www.35mmc.com/06/05/2017/st-pauls-hostel-ilford-hp5-disposable-camera-project-an-introduction/
0,423,https://www.35mmc.com/25/07/2022/stereoscopic-singapore-making-of-a-3d-photography-project-by-sroyon/
0,424,https://www.35mmc.com/04/04/2021/single-frame-what-the-hell-did-i-do-by-gerard-exupery/
0,425,https://www.35mmc.com/02/03/2015/first-roll-with-the-rollei-35se/
0,426,https://www.35mmc.com/07/04/2021/puzzlewood-with-a-ir-modified-sony-nex-5n-by-charles-higham/
0,427,https://www.35mmc.com/01/03/2015/leica-iiic-competition-entries-121-140/
0,428,https://www.35mmc.com/10/08/2022/ceu-in-oslo-on-a-small-rangefinder-camera-by-hugo-vasconcelos/
0,429,https://www.35mmc.com/13/04/2020/exploring-worcesters-former-fire-station/
0,430,https://www.35mmc.com/18/02/2019/konica-hexar-rf-voigtlander-50mm-f-1-2-and-kodak-portra-800/
0,431,https://www.35mmc.com/05/08/2013/the-daughters-2nd-birthday-shot-with-a-mju-ii/
0,432,https://www.35mmc.com/27/07/2021/minolta-hi-matic-7s-and-a-sentimental-journey-discovering-true-optical-prints-by-shawn-granton/
0,433,https://www.35mmc.com/12/07/2018/photos-not-taken-frank-h-wu/
0,434,https://www.35mmc.com/12/08/2019/kodak-e100-forgetting-my-expectations-and-embracing-a-bit-of-failure/
0,435,https://www.35mmc.com/01/10/2020/overcoming-creative-block-tips/
0,436,https://www.35mmc.com/18/12/2022/an-experimental-collage-project-with-the-instax-mini-90-neo-classic-by-erin-oleary/
0,437,https://www.35mmc.com/06/12/2020/three-mistake-ive-made-that-involved-photography-in-some-way/
0,438,https://www.35mmc.com/02/08/2020/its-all-done-with-mirrors-a-tale-of-a-telescope-street-photo-by-tom-ace/
0,439,https://www.35mmc.com/10/04/2021/making-a-book-of-memories-photographing-my-sons-birth-by-dwight-daly/
0,440,https://www.35mmc.com/04/11/2017/snapshots-commute/
0,441,https://www.35mmc.com/21/05/2016/vivitar-35es-review/
0,442,https://www.35mmc.com/10/11/2019/olympus-xa-digital-palate-cleansing/
0,443,https://www.35mmc.com/19/01/2015/canonet-ql17-giii-affordable-fine-reliable/
0,444,https://www.35mmc.com/21/12/2018/canon-ql17-giii-review/
0,445,https://www.35mmc.com/03/05/2020/who-lost-their-shoe-by-chris-colten/
0,446,https://www.35mmc.com/03/12/2020/the-influence-of-film-on-film-preserve-by-lucinda-lewis/
0,447,https://www.35mmc.com/13/12/2020/camping-after-the-bobcat-fire-photographing-mt-pacifico-by-justin-aguirre/
0,448,https://www.35mmc.com/10/07/2016/stroud-brewery/
0,449,https://www.35mmc.com/29/11/2018/long-exposures-with-the-minolta-dynax-5-and-a-roll-of-kodak-colorplus-200-by-robert/
0,450,https://www.35mmc.com/04/06/2017/35mm-large-format-detroit/
0,451,https://www.35mmc.com/21/10/2020/lens-versus-pinhole-battle-of-the-isolettes-by-rock/
0,452,https://www.35mmc.com/12/03/2018/frames-hasselblad-xpan/
0,453,https://www.35mmc.com/23/02/2015/leica-iiic-competition-entries-21-40/
0,454,https://www.35mmc.com/12/04/2018/5-frames-pentax-supera-aivaras/
0,455,https://www.35mmc.com/18/01/2018/5-frames-79-7artisans-50mm-f-1-1-barnaby-nutt/
0,456,https://www.35mmc.com/14/07/2020/5-frames-with-an-olympus-om-10-and-ilford-hp5-plus-by-sam-larson/
0,457,https://www.35mmc.com/01/08/2020/5-frames-with-halina-pocket-2000-auto-kameraset-by-jordi-fradera/
0,458,https://www.35mmc.com/18/02/2018/80-days-without-development-describing-images-not-seen/
0,459,https://www.35mmc.com/28/07/2015/first-photos-gifs-konica-aiborg/
0,460,https://www.35mmc.com/18/03/2022/film-photography-with-a-drone-by-jason-de-freitas/
0,461,https://www.35mmc.com/09/07/2017/canon-prima-bf-90-agfa-vista-200/
0,462,https://www.35mmc.com/07/08/2021/bringing-textures-to-life-with-ilford-delta-3200-by-daniel-boklage/
0,463,https://www.35mmc.com/04/04/2021/single-frame-what-the-hell-did-i-do-by-gerard-exupery/
0,464,https://www.35mmc.com/01/03/2021/the-other-side-of-tokyo-japan-black-and-white-film-photography-project-by-kiichi-kitahara/
0,465,https://www.35mmc.com/26/01/2016/clee-hill-in-the-fog/
0,466,https://www.35mmc.com/17/05/2013/first-shots-from-the-fuji-klasse-w/
0,467,https://www.35mmc.com/08/11/2020/my-journey-to-infrared-photography-by-markus-hofstatter/
0,468,https://www.35mmc.com/13/06/2020/documenting-the-black-lives-matter-protests-some-thoughts-and-images-by-dan-shapiro/
0,469,https://www.35mmc.com/31/05/2020/lockdown-lumen-pt-2-artists-around-the-world-printing-with-sunlight/
0,470,https://www.35mmc.com/03/10/2021/photos-from-the-circus-1956-by-jordi-fradera/
0,471,https://www.35mmc.com/29/10/2021/blur-is-a-part-of-life-a-collaborative-project/
0,472,https://www.35mmc.com/17/10/2019/why-i-spend-my-free-time-being-a-lab-technician-for-a-friend-by-sina-farhat/
0,473,https://www.35mmc.com/13/10/2021/how-minimal-can-you-go-how-minimal-is-too-far-by-nik-stanbridge/
0,474,https://www.35mmc.com/23/03/2018/one-good-photo-everybody-frank-h-wu/
0,475,https://www.35mmc.com/17/03/2022/what-the-heck-is-chimping-by-cire-llissat/
0,476,https://www.35mmc.com/14/03/2018/forward-motion-road-saint-etienne-mike-monaghan/
0,477,https://www.35mmc.com/17/02/2021/talking-with-teachers-a-photography-and-zine-project-by-david-marshall/
0,478,https://www.35mmc.com/02/05/2022/the-descent-of-a-film-photographer-part-1-from-colour-to-black-white-by-nandakumar/
0,479,https://www.35mmc.com/23/11/2021/ten-years-gone-the-ricoh-gxr-by-tim-bradshaw/
0,480,https://www.35mmc.com/04/08/2015/a-day-in-hospital-first-roll-with-the-olympus-mju-iii-wide-100/
0,481,https://www.35mmc.com/18/11/2022/fujichrome-64t-ii-slide-film-cross-processed-by-christian-schroeder/
0,482,https://www.35mmc.com/12/08/2022/the-nikon-f2-some-nikkors-and-a-roll-of-ektar-100-by-sam-westenskow/
0,483,https://www.35mmc.com/12/11/2020/naniwa-a-city-without-a-face-by-akiti-dezem/
0,484,https://www.35mmc.com/20/06/2021/new-in-town-the-making-of-a-photo-book-and-finding-inspiration-right-where-i-live-by-robert-guanci/
0,485,https://www.35mmc.com/05/08/2020/photographing-concerts-in-the-1970s-80s-by-dan-cuny/
0,486,https://www.35mmc.com/15/04/2018/beers-cameras-birmingham-03-18/
0,487,https://www.35mmc.com/31/10/2022/nons-kickstarter-launches-for-new-instax-mini-camera-sl645/
0,488,https://www.35mmc.com/07/08/2021/bringing-textures-to-life-with-ilford-delta-3200-by-daniel-boklage/
0,489,https://www.35mmc.com/16/01/2018/beers-cameras-birmingham-meet-march-24th-2018-bcbrum/
0,490,https://www.35mmc.com/12/02/2020/a-paxette-pinhole-conversion-and-a-walk-in-the-countryside-by-rock/
0,491,https://www.35mmc.com/31/03/2019/my-dark-side-night-photography-with-cinestill-800t-film-by-christian-schroeder/
0,492,https://www.35mmc.com/08/07/2017/leica-m6-street-photography-tokyofiles/
0,493,https://www.35mmc.com/22/06/2020/fauxpan-just-another-diy-35mm-panorama-camera-by-freeman-lin/
0,494,https://www.35mmc.com/04/02/2022/intentionality-in-photography-a-group-project-from-the-photography-books-and-theory-group/
0,495,https://www.35mmc.com/24/10/2021/the-hyde-park-south-carriage-drive-manege-by-simon-king/
0,496,https://www.35mmc.com/17/05/2015/pre-wedding-shoot-on-a-farm/
0,497,https://www.35mmc.com/15/04/2021/shooting-praktica-mtl-5-b-found-in-a-mine-with-expired-tri-x-by-jordi-fradera/
0,498,https://www.35mmc.com/05/07/2015/holywell-bay-in-the-mist/
0,499,https://www.35mmc.com/28/12/2021/trying-concert-photography-on-film-by-billy-sanford/
0,500,https://www.35mmc.com/20/06/2020/black-lives-matter-through-a-petzval-55mm-f1-7-mkii-lens-by-maxime-evangelista/
0,501,https://www.35mmc.com/03/01/2021/tokyo-xpan-a-cinematic-view-of-japan-by-mike-amos/
0,502,https://www.35mmc.com/15/09/2018/kodak-ektar-100-dark/
0,503,https://www.35mmc.com/08/11/2020/my-journey-to-infrared-photography-by-markus-hofstatter/
0,504,https://www.35mmc.com/24/05/2020/lockdown-lumen-artists-around-the-world-printing-with-sunlight/
0,505,https://www.35mmc.com/01/07/2013/a-week-in-wales-part-1/
0,506,https://www.35mmc.com/17/05/2015/pre-wedding-shoot-on-a-farm/
0,507,https://www.35mmc.com/12/08/2022/the-nikon-f2-some-nikkors-and-a-roll-of-ektar-100-by-sam-westenskow/
0,508,https://www.35mmc.com/09/08/2020/a-day-out-with-the-nikkor-50mm-f-1-2-ais-and-nikon-d850-dslr-by-anil-mistry/
0,509,https://www.35mmc.com/16/06/2020/hunting-dinosaurs-or-photographing-abandoned-factories-by-christian-schroeder/
0,510,https://www.35mmc.com/26/06/2016/kke-architects/
0,511,https://www.35mmc.com/04/07/2020/the-season-of-our-discontent-by-mark-seawell/
0,512,https://www.35mmc.com/03/10/2015/a-couple-of-rolls-with-the-leica-m5/
0,513,https://www.35mmc.com/09/03/2014/three-nights-paris/
0,514,https://www.35mmc.com/14/03/2021/a-single-frame-its-interesting-because-its-old-by-gerard-exupery/
0,515,https://www.35mmc.com/26/06/2016/kke-architects/
0,516,https://www.35mmc.com/22/09/2022/nikon-l35aw-af-lomography-babylon-when-it-all-goes-wrong-but-still-goes-places-by-marinka-stam/
0,517,https://www.35mmc.com/02/02/2020/travelling-myanmar-solo-with-black-white-film-by-jelle-vonk/
0,518,https://www.35mmc.com/16/09/2015/first-roll-with-ziess-ikon-zm/
0,519,https://www.35mmc.com/28/11/2021/haystack-heroes-a-photographic-project-by-tommaso-carrara/
0,520,https://www.35mmc.com/18/05/2022/travel-broadens-the-mind-by-bob-janes/
0,521,https://www.35mmc.com/06/05/2019/alex-lambrechts-on-inspiration-and-style-an-interview-by-hamish-gill/
0,522,https://www.35mmc.com/20/11/2021/1-street-48-hours-and-50-disposable-cameras-by-frankie-bina/
0,523,https://www.35mmc.com/26/01/2016/clee-hill-in-the-fog/
0,524,https://www.35mmc.com/26/01/2016/clee-hill-in-the-fog/
0,525,https://www.35mmc.com/24/11/2020/nikkor-20mm-f-3-5/
0,526,https://www.35mmc.com/17/06/2020/fomapan-200-sildes/
0,527,https://www.35mmc.com/12/06/2021/200-miles-by-bike-in-california-12-photos-from-a-lomo-lca-120-by-eric-norris/
0,528,https://www.35mmc.com/04/01/2021/yasuhara-t981-nikon-50mm-f-2-my-impressionist-kit-by-aivaras/
0,529,https://www.35mmc.com/04/06/2021/this-music-video-was-made-entirely-out-of-cyanotypes-by-edd-carr/
0,530,https://www.35mmc.com/07/03/2021/roaming-in-south-east-england-with-a-50mm-lens-by-mark-harrison/
0,531,https://www.35mmc.com/14/06/2019/protest-photography-composing-and-shooting-hong-kongs-mass-protests-with-a-konica-hexar-rf-and-xpan/
0,532,https://www.35mmc.com/29/01/2022/ilford-xp1-explorations-with-28-year-old-film-by-bob-st-cyr/
0,533,https://www.35mmc.com/24/05/2020/zeiss-otus-55mm-and-85mm-lenses-on-35mm-emulsions-by-bent_brent/
0,534,https://www.35mmc.com/09/06/2021/jupiter-3-sourcing-my-perfect-soviet-lens-with-a-bit-of-help-from-skyllaney-by-sasha-tsyrlin/
0,535,https://www.35mmc.com/01/03/2021/the-other-side-of-tokyo-japan-black-and-white-film-photography-project-by-kiichi-kitahara/
0,536,https://www.35mmc.com/03/04/2020/leica-50mm-f-2-summicron-dr-plum-blossoms/
0,537,https://www.35mmc.com/01/04/2021/analogue-wonderland-wonderbox-subscription-a-5-frame-review-by-billy-sanford/
0,538,https://www.35mmc.com/09/03/2021/sigma-24mm-f-3-5-dg-dn-mini-review-by-jk-lockwood/
0,539,https://www.35mmc.com/29/04/2020/delving-deeper-into-textured-double-exposure-by-benoit-felten/
0,540,https://www.35mmc.com/10/04/2018/5-frames-lomography-minitar-art-lens-barnaby-nutt/
0,541,https://www.35mmc.com/21/09/2020/nine-homemade-cameras-my-pinhole-journey-pt-1-by-sroyon-mukherjee/
0,542,https://www.35mmc.com/11/04/2018/5-frames-contax-g1-carlos-albisu/
0,543,https://www.35mmc.com/15/11/2019/fuji-natura-1600-shooting-star-trails-and-at-night/
0,544,https://www.35mmc.com/03/07/2013/a-week-in-wales-part-2/
0,545,https://www.35mmc.com/04/09/2021/chasing-a-hot-dog-with-a-leitz-minolta-cl-by-dan-castelli/
0,546,https://www.35mmc.com/05/12/2021/carbon-a-photographic-project-by-dan-zorg/
0,547,https://www.35mmc.com/01/12/2021/self-portrait-in-hotels-by-michiko-ohashi/
0,548,https://www.35mmc.com/24/02/2022/sabatier-effect-with-a-bw-negative-and-color-ra4-process-by-severine-chauveau/
0,549,https://www.35mmc.com/10/04/2018/5-frames-lomography-minitar-art-lens-barnaby-nutt/
0,550,https://www.35mmc.com/10/06/2022/grocery-store-development-part-3-fixing-film-with-pool-chemicals-and-fertilizer-by-josh-vickers/
0,551,https://www.35mmc.com/02/04/2021/parking-lot-hockey-on-ilford-hp5-by-simon-king/
0,552,https://www.35mmc.com/20/05/2021/making-dreamscapes-by-developing-film-at-30-degrees-by-tyrell-mcbride/
0,553,https://www.35mmc.com/18/06/2016/snaps-leica-m8-zeiss-28mm-zm-biogon/
0,554,https://www.35mmc.com/17/02/2019/1960s-new-york-dads-slides-scanned-by-charles-higham/
0,555,https://www.35mmc.com/08/04/2020/images-from-the-last-normal-thursday-in-tokyo-with-meg-hewitt-steven-bleistein/
0,556,https://www.35mmc.com/18/02/2019/konica-hexar-rf-voigtlander-50mm-f-1-2-and-kodak-portra-800/
0,557,https://www.35mmc.com/11/08/2013/modification-of-olympus-mju-ii-to-retain-flash-settings/
0,558,https://www.35mmc.com/13/11/2020/shooting-darkroom-paper-in-camera-a-beginners-guide/
0,559,https://www.35mmc.com/01/07/2017/making-sony-a7rii-work/
0,560,https://www.35mmc.com/18/01/2021/3-ways-to-make-contact-sheets-and-what-they-can-tell-us-darkroom-technique-part-6-by-sroyon/
0,561,https://www.35mmc.com/28/01/2016/birthday-no-33/
0,562,https://www.35mmc.com/26/10/2022/low-light-photography-on-the-morning-of-vaikasi-visakam-with-ilford-pan-f-50-by-simon-king/
0,563,https://www.35mmc.com/21/12/2019/kodak-ektar-25-urban-rural-decay-in-the-texas-panhandle/
0,564,https://www.35mmc.com/17/02/2021/talking-with-teachers-a-photography-and-zine-project-by-david-marshall/
0,565,https://www.35mmc.com/06/01/2023/tokyo-in-monochrome-part-1-by-john-paul-menez/
0,566,https://www.35mmc.com/06/04/2022/the-black-white-threshold-photographing-scotlands-skye-and-assynt-by-jasper-t-kauth/
0,567,https://www.35mmc.com/22/08/2021/montoggio-a-chronicle-of-an-absence-by-salvatore-da-cha/
0,568,https://www.35mmc.com/16/09/2022/hasselblad-xpan-and-its-fabulous-30mm-f-5-6-lens-in-mississippi-by-andrew-morang/
0,569,https://www.35mmc.com/15/06/2019/kodak-ektar-25-a-hasselblad-and-flooding-in-mississippi-by-andrew-morang/
0,570,https://www.35mmc.com/31/03/2019/my-dark-side-night-photography-with-cinestill-800t-film-by-christian-schroeder/
0,571,https://www.35mmc.com/10/01/2015/low-light-fun-ilford-hp5-ei3200-ilfotec-dd-x/
0,572,https://www.35mmc.com/22/05/2022/new-individualism-the-evolution-of-a-photo-project-by-pablo-garcia/
0,573,https://www.35mmc.com/17/07/2013/ricoh-gr1s-shots-from-a-lost-weekend/
0,574,https://www.35mmc.com/24/07/2020/behind-the-scenes-at-the-east-lancashire-railway-by-phil-harrison/
0,575,https://www.35mmc.com/28/04/2021/inspired-photographing-inspiring-people-with-my-dream-lens-by-marcus-hofstatter/
0,576,https://www.35mmc.com/23/02/2015/leica-iiic-competition-entries-21-40/
0,577,https://www.35mmc.com/04/01/2022/zenith-nature-drone-photography-by-michele-molinari/
0,578,https://www.35mmc.com/24/05/2020/lockdown-lumen-artists-around-the-world-printing-with-sunlight/
0,579,https://www.35mmc.com/22/09/2021/the-pipes-man-and-me-by-merik/
0,580,https://www.35mmc.com/21/04/2020/zourkhane-a-traditional-sport-in-iran-by-marc-wick/
0,581,https://www.35mmc.com/03/07/2013/a-week-in-wales-part-2/
0,582,https://www.35mmc.com/22/05/2021/puppies-trees-and-san-francisco-in-times-of-covid-by-aj-oconnell/
0,583,https://www.35mmc.com/05/11/2016/mcrwlk-lomo-lc-wide-jch-streetpan-400/
0,584,https://www.35mmc.com/04/11/2020/the-remains-of-the-abandoned-microscopy-lab-shooting-expired-film-pt-2-by-ricardo-andrade/
0,585,https://www.35mmc.com/20/11/2020/photographing-little-things-on-film-by-jordi-fradera/
0,586,https://www.35mmc.com/13/02/2022/a-few-thoughts-on-how-analogue-photography-helped-me-settle-in-by-milosz-jeromin-cordes/
0,587,https://www.35mmc.com/23/08/2021/facades-of-kolkata-and-the-value-of-boring-projects-by-sroyon/
0,588,https://www.35mmc.com/16/09/2022/hasselblad-xpan-and-its-fabulous-30mm-f-5-6-lens-in-mississippi-by-andrew-morang/
0,589,https://www.35mmc.com/23/09/2021/36-photos-of-filipa-and-how-i-found-my-way-to-portrait-photography-by-fernando-martins/
0,590,https://www.35mmc.com/12/11/2016/leica-m3-nikon-28ti-jurong-fishery-port/
0,591,https://www.35mmc.com/09/03/2014/three-nights-paris/
0,592,https://www.35mmc.com/24/10/2021/the-hyde-park-south-carriage-drive-manege-by-simon-king/
0,593,https://www.35mmc.com/10/07/2018/kodak-hie-infrared-film-nikon-f-301/
0,594,https://www.35mmc.com/11/06/2015/ma-bakers/
0,595,https://www.35mmc.com/15/01/2016/first-roll-with-the-hasselblad-xpan-ii-45mm/
0,596,https://www.35mmc.com/11/07/2019/my-first-ever-roll-of-film-and-my-love-for-light-by-joshua-nutz/
0,597,https://www.35mmc.com/04/07/2020/the-season-of-our-discontent-by-mark-seawell/
0,598,https://www.35mmc.com/01/06/2020/shooting-5x4-with-connie-reminding-myself-how-easy-large-format-photography-is/
0,599,https://www.35mmc.com/22/06/2020/enjoying-some-pentax-slr-gear-acquisition-syndrome/
0,600,https://www.35mmc.com/17/07/2018/im-photographer-like-cameras-not-ok-video/
0,601,https://www.35mmc.com/16/07/2020/help-i-am-being-held-prisoner-in-a-lens-collection-by-jonathan-leavitt/
0,602,https://www.35mmc.com/10/01/2017/lure-uncomplicated-camera/
0,603,https://www.35mmc.com/29/09/2022/for-quick-film-scans-try-an-olympus-c-8080wz-by-dave-powell/
0,604,https://www.35mmc.com/04/10/2019/rangefinder-vs-slr-protest-photography/
0,605,https://www.35mmc.com/19/07/2021/cool-retro-cameras-the-nikon-z-fc-just-cool-or-something-more/
0,606,https://www.35mmc.com/10/02/2022/appreciating-what-you-already-have-with-nikon-fe-and-fuji-c200-by-jesper-reiche/
0,607,https://www.35mmc.com/20/07/2015/legoland-windsor-giving-ag-photo-lab-a-go/
0,608,https://www.35mmc.com/26/01/2016/clee-hill-in-the-fog/
0,609,https://www.35mmc.com/18/02/2015/first-shots-leitz-elmar-50mm-f3-5-leica-iiic/
0,610,https://www.35mmc.com/16/09/2019/extreme-gas-i-dont-need-a-new-camera-i-need-a-new-helicopter/
0,611,https://www.35mmc.com/17/07/2013/ricoh-gr1s-shots-from-a-lost-weekend/
0,612,https://www.35mmc.com/14/12/2019/leica-minilux-death-by-e02-5-frames-with-a-beautiful-brick-by-bill-thoo/
0,613,https://www.35mmc.com/12/02/2021/the-many-interpretations-of-one-quote-photography-theory-and-practice/
0,614,https://www.35mmc.com/15/12/2013/my-failing-right-eye-an-old-watch-the-leica-m7-and-learning-how-to-frame-a-photo-again/
0,615,https://www.35mmc.com/08/07/2021/seeking-control-through-simplifying-the-digital-experience-by-vic-mortelmans/
0,616,https://www.35mmc.com/28/08/2020/lomography-fisheye-2-review/
0,617,https://www.35mmc.com/26/03/2017/finding-perfect-classic-sonnar-part-3-comparing-not-oranges-oranges/
0,618,https://www.35mmc.com/15/07/2019/no-your-pentax-spotmatic-f-is-not-better-than-my-leica-m6-dont-be-like-frank/
0,619,https://www.35mmc.com/02/08/2021/vintage-lenses-in-cinema-vs-photography-finding-that-secret-source/
0,620,https://www.35mmc.com/25/04/2020/carena-mini-zoom-115s-review-by-gandhi-cabanas/
0,621,https://www.35mmc.com/08/01/2015/olympus-af-10-super-review/
0,622,https://www.35mmc.com/07/04/2015/leica-mini-one-roll-review/
0,623,https://www.35mmc.com/18/01/2019/fuji-natura-black-review/
0,624,https://www.35mmc.com/15/03/2019/olympus-xa-shooting-a-roll-in-san-francisco-by-jacint/
0,625,https://www.35mmc.com/07/09/2020/rollei-prego-125-review/
0,626,https://www.35mmc.com/28/03/2019/ricoh-gr10-review-diamond/
0,627,https://www.35mmc.com/19/11/2021/fuji-discovery-875-zoom-plus-attention-kmart-shoppers-or-a-discount-department-store-photographic-history-by-shawn-granton/
0,628,https://www.35mmc.com/31/05/2019/minolta-hi-matic-7-review/
0,629,https://www.35mmc.com/20/06/2020/a-look-back-at-a-return-to-photography-and-discovering-shooting-legacy-lenses-by-rock/
0,630,https://www.35mmc.com/06/05/2016/olympus-xa4-review/
0,631,https://www.35mmc.com/15/05/2014/pentax-pc35af-review/
0,632,https://www.35mmc.com/30/05/2022/how-many-cameras-to-take-on-holiday-by-sroyon/
0,633,https://www.35mmc.com/28/08/2020/fight-of-the-fifties-by-bent_brent/
0,634,https://www.35mmc.com/07/11/2019/why-are-you-carrying-the-camera-by-frank-h-wu/
0,635,https://www.35mmc.com/11/03/2018/leica-rangefinder-well-calibrated/
0,636,https://www.35mmc.com/15/08/2016/leica-m8-important-use-ccd-look-photos/
0,637,https://www.35mmc.com/16/12/2020/why-the-nikon-f6-died-and-what-the-prospects-of-a-replacement-are-by-nik-stanbridge/
0,638,https://www.35mmc.com/25/02/2018/leica-mystique-brand-vs-camera/
0,639,https://www.35mmc.com/28/08/2020/fight-of-the-fifties-by-bent_brent/
0,640,https://www.35mmc.com/17/06/2017/smena-8m-review-sometimes-just-play/
0,641,https://www.35mmc.com/02/05/2018/5-frames-nikon-f3-eduardo-ribeiro/
0,642,https://www.35mmc.com/17/06/2021/rediscovering-the-slr-with-a-nikon-f-by-hern-tan/
0,643,https://www.35mmc.com/17/03/2016/experiences-35mm-ilford-sfx-guest-post-rob-mackillop/
0,644,https://www.35mmc.com/15/12/2013/my-failing-right-eye-an-old-watch-the-leica-m7-and-learning-how-to-frame-a-photo-again/
0,645,https://www.35mmc.com/20/11/2020/photographing-little-things-on-film-by-jordi-fradera/
0,646,https://www.35mmc.com/17/06/2022/the-game-called-iso-taking-advantage-of-the-ev-system-for-better-results-by-vlad-serebryany/
0,647,https://www.35mmc.com/28/06/2020/a-few-words-in-praise-of-humble-50mm-lens-by-andy-larner/
0,648,https://www.35mmc.com/30/05/2022/how-many-cameras-to-take-on-holiday-by-sroyon/
0,649,https://www.35mmc.com/17/06/2021/rediscovering-the-slr-with-a-nikon-f-by-hern-tan/
0,650,https://www.35mmc.com/05/03/2020/beauty-of-basic-life-with-one-lens/
0,651,https://www.35mmc.com/22/01/2020/street-shootout-between-nikon-35mm-camera-lens-combos-yields-surprising-results-by-isaac-d-pacheco/
0,652,https://www.35mmc.com/11/05/2016/finding-value-home-scanning/
0,653,https://www.35mmc.com/03/06/2020/5-frames-reflecting-on-layering-with-a-35mm-lens-by-simon-king/
0,654,https://www.35mmc.com/09/02/2018/not-camera-frank-h-wu/
0,655,https://www.35mmc.com/19/03/2018/shooting-film-assignment-can-compete-digital-simon-king/
0,656,https://www.35mmc.com/04/02/2019/reminder-about-the-importance-of-practice-vs-upgrading-your-camera/
0,657,https://www.35mmc.com/15/04/2019/shooting-leica-rangefinder-cameras-with-3rd-party-lenses-is-not-a-crime/
0,658,https://www.35mmc.com/24/12/2019/a-fuji-x100-and-solution-that-isnt-a-solution-to-my-photography-grump/
0,659,https://www.35mmc.com/30/12/2022/shooting-infrared-with-a-rangefinder-camera-rollei-infrared-film-and-a-retina-iic-by-tony-warren/
0,660,https://www.35mmc.com/09/06/2020/architectural-photography-with-a-50mm-lens-and-some-thoughts-on-minimalism-by-daniel-sigg/
0,661,https://www.35mmc.com/19/11/2019/video-chatting-to-ashley-carr-in-stourport-part-2/
0,662,https://www.35mmc.com/08/07/2021/seeking-control-through-simplifying-the-digital-experience-by-vic-mortelmans/
0,663,https://www.35mmc.com/14/03/2015/rollei-35se-review-zone-focus-camera/
0,664,https://www.35mmc.com/17/02/2022/learning-to-lean-into-lifes-unknowns-by-brian-cox/
0,665,https://www.35mmc.com/30/07/2021/3-canon-compacts-compared-supreme-doesnt-mean-best-by-david-hume/
0,666,https://www.35mmc.com/05/11/2021/photographer-or-photographic-artist-by-billy-sanford/
0,667,https://www.35mmc.com/01/02/2020/doing-my-thing-with-a-fuji-or-two-by-thorsten-wulff/
0,668,https://www.35mmc.com/19/02/2021/endangered-hawaii-wild-waikiki-by-susan-polanco-de-couet-and-h-gert-de-couet/
0,669,https://www.35mmc.com/18/07/2020/the-yashica-124g-and-how-it-helped-me-get-married-by-sacha-cloutier/
0,670,https://www.35mmc.com/30/10/2014/hartlebury-train-carriages-cinestill-800t-50mm-summicron/
0,671,https://www.35mmc.com/25/03/2016/abusing-leica-m8-low-light/
0,672,https://www.35mmc.com/14/02/2015/karmera-act-giving-away-gear/
0,673,https://www.35mmc.com/02/08/2021/vintage-lenses-in-cinema-vs-photography-finding-that-secret-source/
0,674,https://www.35mmc.com/15/05/2022/1-sunset-2-mediums-4-cameras-by-charlie-bierwirth/
0,675,https://www.35mmc.com/22/07/2021/returning-to-film-with-a-canon-a-nikon-and-a-touch-of-gas-by-simon-rikowski/
0,676,https://www.35mmc.com/11/06/2021/heresy-get-with-the-program-mode-by-bob-janes/
0,677,https://www.35mmc.com/15/04/2019/shooting-leica-rangefinder-cameras-with-3rd-party-lenses-is-not-a-crime/
0,678,https://www.35mmc.com/16/06/2020/3-focal-lengths-in-the-danish-marshland-by-sroyon-mukherjee/
0,679,https://www.35mmc.com/11/03/2018/leica-rangefinder-well-calibrated/
0,680,https://www.35mmc.com/01/01/2016/the-gas-horseshoe/
0,681,https://www.35mmc.com/19/07/2021/cool-retro-cameras-the-nikon-z-fc-just-cool-or-something-more/
0,682,https://www.35mmc.com/18/05/2020/lomography-metropolis-film-and-the-minolta-riva-panorama/
0,683,https://www.35mmc.com/03/06/2021/my-journey-shooting-85-analog-cameras-and-writing-a-book-about-it-by-christof-bircher/
0,684,https://www.35mmc.com/22/01/2016/first-roll-leica-film-camera-guest-post-aukje/
0,685,https://www.35mmc.com/14/02/2016/leica-m8-infrared-cut-filter-comparison/
0,686,https://www.35mmc.com/01/08/2018/travel-without-camera-elben-shira/
0,687,https://www.35mmc.com/07/05/2015/election-day-2015-worcester-labour-party/
0,688,https://www.35mmc.com/28/12/2020/photography-theory-and-practice-a-collaborative-project/
0,689,https://www.35mmc.com/12/08/2022/the-nikon-f2-some-nikkors-and-a-roll-of-ektar-100-by-sam-westenskow/
0,690,https://www.35mmc.com/17/07/2018/im-photographer-like-cameras-not-ok-video/
0,691,https://www.35mmc.com/03/09/2020/analog-iran-a-project-shooting-bw-film-documenting-iran-by-ali-mc/
0,692,https://www.35mmc.com/24/09/2022/some-rolling-shutter-fun-from-a-moving-bus-by-dave-powell/
0,693,https://www.35mmc.com/28/04/2021/inspired-photographing-inspiring-people-with-my-dream-lens-by-marcus-hofstatter/
0,694,https://www.35mmc.com/10/04/2015/first-roll-with-the-leica-m-a-and-502-5-summarit-m/
0,695,https://www.35mmc.com/13/04/2020/exploring-worcesters-former-fire-station/
0,696,https://www.35mmc.com/05/02/2019/an-experience-thrift-hunting-in-my-hometown-by-gavin-bain/
0,697,https://www.35mmc.com/16/09/2018/sharpness-creative-goal-still-not-prerequisite-good-photo-im-enjoying-makina-67/
0,698,https://www.35mmc.com/01/01/2016/the-gas-horseshoe/
0,699,https://www.35mmc.com/12/03/2016/the-yellow-filter-and-why-i-love-this-community-guest-post-by-aukje/
0,700,https://www.35mmc.com/16/12/2020/why-the-nikon-f6-died-and-what-the-prospects-of-a-replacement-are-by-nik-stanbridge/
0,701,https://www.35mmc.com/28/12/2021/trying-concert-photography-on-film-by-billy-sanford/
0,702,https://www.35mmc.com/23/02/2015/leica-iiic-competition-entries-21-40/
0,703,https://www.35mmc.com/07/11/2019/why-are-you-carrying-the-camera-by-frank-h-wu/
0,704,https://www.35mmc.com/29/04/2020/delving-deeper-into-textured-double-exposure-by-benoit-felten/
0,705,https://www.35mmc.com/19/03/2020/enjoying-and-learning-in-the-darkroom-by-michael-scott/
0,706,https://www.35mmc.com/29/10/2021/blur-is-a-part-of-life-a-collaborative-project/
0,707,https://www.35mmc.com/01/08/2018/travel-without-camera-elben-shira/
0,708,https://www.35mmc.com/17/06/2021/rediscovering-the-slr-with-a-nikon-f-by-hern-tan/
0,709,https://www.35mmc.com/15/05/2013/a-selection-of-yashica-t5-shots/
0,710,https://www.35mmc.com/30/12/2022/shooting-infrared-with-a-rangefinder-camera-rollei-infrared-film-and-a-retina-iic-by-tony-warren/
0,711,https://www.35mmc.com/24/08/2020/film-photography-a-realisation-that-cheap-thrills-can-still-be-had/
0,712,https://www.35mmc.com/11/06/2021/heresy-get-with-the-program-mode-by-bob-janes/
0,713,https://www.35mmc.com/22/07/2021/returning-to-film-with-a-canon-a-nikon-and-a-touch-of-gas-by-simon-rikowski/
0,714,https://www.35mmc.com/30/12/2017/discovering-film-photography-digital-age/
0,715,https://www.35mmc.com/15/12/2022/storytelling-with-three-lenses-or-fewer-a-rangefinder-workflow-by-simon-king/
0,716,https://www.35mmc.com/22/02/2022/the-leica-for-a-year-project-by-patrick-medd/
0,717,https://www.35mmc.com/12/11/2020/naniwa-a-city-without-a-face-by-akiti-dezem/
0,718,https://www.35mmc.com/11/11/2021/photographic-diary-road-trip-without-an-end-by-zachary-gastin/
0,719,https://www.35mmc.com/05/06/2015/xp2-contax-t3/
0,720,https://www.35mmc.com/17/10/2021/a-cinematic-photographer-discovering-new-horizons-by-nicola-armento/
0,721,https://www.35mmc.com/07/11/2019/why-are-you-carrying-the-camera-by-frank-h-wu/
0,722,https://www.35mmc.com/01/07/2021/condensing-time-by-christian-schroeder/
0,723,https://www.35mmc.com/04/08/2021/more-portraits-please-making-opportunities-to-photograph-people-by-peggy-marsh/
0,724,https://www.35mmc.com/08/08/2019/my-reason-for-visit-stage-3b-cancer-by-nicolas-hagen/
0,725,https://www.35mmc.com/06/04/2018/reflecting-analogue-memories/
0,726,https://www.35mmc.com/17/01/2021/northern-sustainable-darkroom-helping-analogue-go-green-by-edd-carr/
0,727,https://www.35mmc.com/15/01/2020/up-close-and-personal-with-the-ricoh-gr1s-and-kodak-t-max-p3200-at-ei12800-by-steven-bleistein/
0,728,https://www.35mmc.com/13/02/2022/a-few-thoughts-on-how-analogue-photography-helped-me-settle-in-by-milosz-jeromin-cordes/
0,729,https://www.35mmc.com/19/02/2021/endangered-hawaii-wild-waikiki-by-susan-polanco-de-couet-and-h-gert-de-couet/
0,730,https://www.35mmc.com/28/10/2020/pf-micro-110-high-tech-110-camera-and-some-fresh-film-by-jordi-fradera/
0,731,https://www.35mmc.com/29/03/2019/nikon-l35af-a-mini-review-by-giacomo-zema/
0,732,https://www.35mmc.com/09/12/2017/yashica-t4-zoom-review/
0,733,https://www.35mmc.com/30/01/2016/nikon-l35af-review/
0,734,https://www.35mmc.com/23/05/2019/chinon-bellami-mini-review/
0,735,https://www.35mmc.com/04/06/2016/samsung-af-slim-review/
0,736,https://www.35mmc.com/13/10/2022/alfie-tych-preview-an-eccentric-camera-that-fits-in-the-palm-of-your-hand/
0,737,https://www.35mmc.com/07/05/2021/canon-sure-shot-z90w-review/
0,738,https://www.35mmc.com/28/04/2018/canon-sure-shot-supreme-review/
0,739,https://www.35mmc.com/29/04/2017/yashica-t3-review/
0,740,https://www.35mmc.com/21/06/2016/samsung-ecx1-review/
0,741,https://www.35mmc.com/12/05/2018/fuji-natura-s-review/
0,742,https://www.35mmc.com/12/11/2021/lensfayre-snap-lf35-m-a-sustainable-customisable-reusable-camera/
0,743,https://www.35mmc.com/15/08/2022/ricoh-mirai-olympus-az-4-zoom-review-fraternal-twins-by-david-tellet/
0,744,https://www.35mmc.com/26/02/2021/panorama-wide-pic-review/
0,745,https://www.35mmc.com/14/04/2020/nikon-lite-touch-zoom-120ed-5-frames-review-by-robert/
0,746,https://www.35mmc.com/13/09/2018/minolta-af-35r-qd-review/
0,747,https://www.35mmc.com/23/06/2020/olympus-stylus-epic-zoom-115-review/
0,748,https://www.35mmc.com/04/06/2016/samsung-af-slim-review/
0,749,https://www.35mmc.com/07/07/2016/olympus-xa-review-mighty-micro-machine/
0,750,https://www.35mmc.com/11/11/2018/rollei-prego-af-review/
0,751,https://www.35mmc.com/30/08/2019/yashica-t4-review/
0,752,https://www.35mmc.com/03/09/2017/canon-sureshot-multi-tele/
0,753,https://www.35mmc.com/05/08/2016/konica-genba-kantoku-28wb-review/
0,754,https://www.35mmc.com/08/10/2016/ricoh-ff9s-review/
0,755,https://www.35mmc.com/21/02/2020/canon-sure-shot-zoom-xl-review/
0,756,https://www.35mmc.com/30/01/2016/nikon-l35af-review/
0,757,https://www.35mmc.com/05/08/2016/konica-genba-kantoku-28wb-review/
0,758,https://www.35mmc.com/14/12/2020/pentax-espio-170sl-review/
0,759,https://www.35mmc.com/23/09/2016/nikon-310-zoom-review/
0,760,https://www.35mmc.com/23/05/2019/chinon-bellami-mini-review/
0,761,https://www.35mmc.com/14/12/2019/leica-minilux-death-by-e02-5-frames-with-a-beautiful-brick-by-bill-thoo/
0,762,https://www.35mmc.com/08/01/2015/olympus-af-10-super-review/
0,763,https://www.35mmc.com/08/06/2016/samsung-vega-140s-review/
0,764,https://www.35mmc.com/31/03/2021/halina-160-review/
0,765,https://www.35mmc.com/13/10/2022/alfie-tych-preview-an-eccentric-camera-that-fits-in-the-palm-of-your-hand/
0,766,https://www.35mmc.com/03/05/2022/olympus-is-300-bridge-camera-mini-review/
0,767,https://www.35mmc.com/05/08/2016/konica-genba-kantoku-28wb-review/
0,768,https://www.35mmc.com/07/08/2015/konica-aiborg-review/
0,769,https://www.35mmc.com/14/01/2014/fuji-zoom-date-2-8-silvi-review/
0,770,https://www.35mmc.com/21/04/2018/chinon-35-fs-ii-review/
0,771,https://www.35mmc.com/23/05/2019/chinon-bellami-mini-review/
0,772,https://www.35mmc.com/22/12/2020/panasonic-c-3000zm-review/
0,773,https://www.35mmc.com/18/03/2019/olympus-mju-ii-review/
0,774,https://www.35mmc.com/29/03/2019/nikon-l35af-a-mini-review-by-giacomo-zema/
0,775,https://www.35mmc.com/03/09/2018/olympus-af10-review/
0,776,https://www.35mmc.com/07/12/2018/canon-sure-shot-max-review/
0,777,https://www.35mmc.com/23/06/2018/pentax-zoom-105-super-review/
0,778,https://www.35mmc.com/18/03/2017/ricoh-shotmaster-tru-zoom/
0,779,https://www.35mmc.com/21/04/2018/chinon-35-fs-ii-review/
0,780,https://www.35mmc.com/18/05/2020/lomography-metropolis-film-and-the-minolta-riva-panorama/
0,781,https://www.35mmc.com/29/04/2019/canon-mc-review/
0,782,https://www.35mmc.com/28/10/2020/pf-micro-110-high-tech-110-camera-and-some-fresh-film-by-jordi-fradera/
0,783,https://www.35mmc.com/09/12/2017/yashica-t4-zoom-review/
0,784,https://www.35mmc.com/14/12/2019/leica-minilux-death-by-e02-5-frames-with-a-beautiful-brick-by-bill-thoo/
0,785,https://www.35mmc.com/19/03/2021/canon-110ed-a-mini-review/
0,786,https://www.35mmc.com/03/09/2021/texet-tx-500-review-fake-autoexposure-compact-by-rock/
0,787,https://www.35mmc.com/11/08/2020/sprocket-rocket-2-0-review-a-day-at-the-fair-by-alex-vye/
0,788,https://www.35mmc.com/19/11/2021/fuji-discovery-875-zoom-plus-attention-kmart-shoppers-or-a-discount-department-store-photographic-history-by-shawn-granton/
0,789,https://www.35mmc.com/06/12/2015/minolta-explorer-zoom-riva-zoom-70w-review/
0,790,https://www.35mmc.com/13/09/2018/minolta-af-35r-qd-review/
0,791,https://www.35mmc.com/25/09/2017/olympus-l-10-panorama-review-guest-post-by-emulsive/
0,792,https://www.35mmc.com/07/07/2016/olympus-xa-review-mighty-micro-machine/
0,793,https://www.35mmc.com/17/03/2019/ricoh-rz-105-zoom-date-review/
0,794,https://www.35mmc.com/13/07/2015/fuji-dl-500-review/
0,795,https://www.35mmc.com/30/08/2019/yashica-t4-review/
0,796,https://www.35mmc.com/08/06/2016/samsung-vega-140s-review/
0,797,https://www.35mmc.com/19/07/2022/olympus-xa-and-the-nobel-laureate-who-used-to-own-it-by-eric-huynh/
0,798,https://www.35mmc.com/28/03/2022/chinon-belami-af-review/
0,799,https://www.35mmc.com/07/09/2020/rollei-prego-125-review/
0,800,https://www.35mmc.com/15/01/2021/ricoh-shotmaster-ultra-zoom-super-review/
0,801,https://www.35mmc.com/07/03/2019/canon-sureshot-or-autoboy-af35m-ii-review/
0,802,https://www.35mmc.com/04/09/2020/olympus-quick-shooter-zoom-review/
0,803,https://www.35mmc.com/11/11/2018/rollei-prego-af-review/
0,804,https://www.35mmc.com/07/12/2018/canon-sure-shot-max-review/
0,805,https://www.35mmc.com/25/04/2020/carena-mini-zoom-115s-review-by-gandhi-cabanas/
0,806,https://www.35mmc.com/10/11/2019/olympus-xa-digital-palate-cleansing/
0,807,https://www.35mmc.com/20/01/2016/canon-af35ml-review/
0,808,https://www.35mmc.com/09/06/2013/nikon-lite-touch-af600-review/
0,809,https://www.35mmc.com/07/03/2019/canon-sureshot-or-autoboy-af35m-ii-review/
0,810,https://www.35mmc.com/03/05/2022/olympus-is-300-bridge-camera-mini-review/
0,811,https://www.35mmc.com/21/10/2015/minolta-hi-matic-af2-review/
0,812,https://www.35mmc.com/12/07/2016/lomo-lc-a-alternatives/
0,813,https://www.35mmc.com/18/01/2019/fuji-natura-black-review/
0,814,https://www.35mmc.com/03/09/2021/texet-tx-500-review-fake-autoexposure-compact-by-rock/
0,815,https://www.35mmc.com/07/12/2020/canon-sure-shot-ex-review/
0,816,https://www.35mmc.com/05/03/2016/ricoh-ff-8wr-review/
0,817,https://www.35mmc.com/12/07/2016/lomo-lc-a-alternatives/
0,818,https://www.35mmc.com/14/10/2021/pentax-iqzoom-928-review/
0,819,https://www.35mmc.com/21/10/2015/minolta-hi-matic-af2-review/
0,820,https://www.35mmc.com/28/08/2020/lomography-fisheye-2-review/
0,821,https://www.35mmc.com/22/12/2020/panasonic-c-3000zm-review/
0,822,https://www.35mmc.com/04/06/2016/samsung-af-slim-review/
0,823,https://www.35mmc.com/03/09/2017/canon-sureshot-multi-tele/
0,824,https://www.35mmc.com/29/12/2019/panasonic-gm1-a-digital-ilc-alternative-to-the-olympus-xa2-by-charles-higham/
0,825,https://www.35mmc.com/30/03/2019/olympus-mju-ii-kodak-t-max-400-lessons-from-the-forgotten-ones-by-jon-yk-lee/
0,826,https://www.35mmc.com/29/10/2016/two-trips-olympus-trip-35/
0,827,https://www.35mmc.com/21/02/2020/canon-sure-shot-zoom-xl-review/
0,828,https://www.35mmc.com/18/03/2019/olympus-mju-ii-review/
0,829,https://www.35mmc.com/07/08/2020/vivitar-tec-45-and-panasonic-c-600-review/
0,830,https://www.35mmc.com/26/04/2015/canon-prima-bf-80-date-snappy-qt-date-review/
0,831,https://www.35mmc.com/06/12/2015/minolta-explorer-zoom-riva-zoom-70w-review/
0,832,https://www.35mmc.com/09/12/2020/olympus-xa-and-fujicolor-pro-400h-a-favorite-camera-film-combo-by-phil-calvit/
0,833,https://www.35mmc.com/29/04/2017/yashica-t3-review/
0,834,https://www.35mmc.com/01/10/2021/kodak-ke60-easy-load-35-review-concealed-greatness-among-the-compact-craze-thang-nguyen/
0,835,https://www.35mmc.com/08/03/2015/minolta-af101r-review/
0,836,https://www.35mmc.com/14/10/2021/pentax-iqzoom-928-review/
0,837,https://www.35mmc.com/12/02/2016/ricoh-r1-rollei-prego-micron/
0,838,https://www.35mmc.com/31/03/2021/halina-160-review/
0,839,https://www.35mmc.com/13/05/2022/canon-epoca-a-review-by-phil-harrison/
0,840,https://www.35mmc.com/14/12/2019/leica-minilux-death-by-e02-5-frames-with-a-beautiful-brick-by-bill-thoo/
0,841,https://www.35mmc.com/12/07/2016/lomo-lc-a-alternatives/
0,842,https://www.35mmc.com/14/10/2021/pentax-iqzoom-928-review/
0,843,https://www.35mmc.com/30/12/2014/pentax-espio-mini-uc-1/
0,844,https://www.35mmc.com/01/03/2021/canon-sure-shot-m-mini-review/
0,845,https://www.35mmc.com/07/12/2018/canon-sure-shot-max-review/
0,846,https://www.35mmc.com/12/02/2016/ricoh-r1-rollei-prego-micron/
0,847,https://www.35mmc.com/08/03/2014/how-recode-edit-dx-barcode-35mm-canisters/
0,848,https://www.35mmc.com/20/03/2019/ricoh-shotmaster-zoom-super-date-review/
0,849,https://www.35mmc.com/07/07/2016/olympus-xa-review-mighty-micro-machine/
0,850,https://www.35mmc.com/22/11/2016/lomo-lc-wide-review/
0,851,https://www.35mmc.com/03/08/2021/yashica-elite-70-review/
0,852,https://www.35mmc.com/25/09/2020/minolta-riva-zoom-110-review/
0,853,https://www.35mmc.com/05/06/2013/yashica-t5-review/
0,854,https://www.35mmc.com/29/12/2019/panasonic-gm1-a-digital-ilc-alternative-to-the-olympus-xa2-by-charles-higham/
0,855,https://www.35mmc.com/28/04/2018/canon-sure-shot-supreme-review/
0,856,https://www.35mmc.com/29/03/2019/nikon-l35af-a-mini-review-by-giacomo-zema/
0,857,https://www.35mmc.com/18/03/2019/olympus-mju-ii-review/
0,858,https://www.35mmc.com/11/09/2020/canon-top-twin-mc-review/
0,859,https://www.35mmc.com/05/06/2013/yashica-t5-review/
0,860,https://www.35mmc.com/28/03/2015/nikon-af3-review/
0,861,https://www.35mmc.com/11/04/2016/minolta-afz-review/
0,862,https://www.35mmc.com/20/01/2016/canon-af35ml-review/
0,863,https://www.35mmc.com/31/10/2013/olympus-xa-classic/
0,864,https://www.35mmc.com/14/10/2021/pentax-iqzoom-928-review/
0,865,https://www.35mmc.com/08/06/2016/samsung-vega-140s-review/
0,866,https://www.35mmc.com/08/05/2019/national-panasonic-c-500af-review/
0,867,https://www.35mmc.com/07/03/2019/canon-sureshot-or-autoboy-af35m-ii-review/
0,868,https://www.35mmc.com/23/02/2021/chinon-auto-2001-kodak-vr35-k14-review/
0,869,https://www.35mmc.com/18/03/2019/olympus-mju-ii-review/
0,870,https://www.35mmc.com/09/10/2018/konica-z-up-100w-review/
0,871,https://www.35mmc.com/18/09/2020/vivitar-pz3815db-review/
0,872,https://www.35mmc.com/07/08/2020/vivitar-tec-45-and-panasonic-c-600-review/
0,873,https://www.35mmc.com/27/06/2018/olympus-mju-ii-zoom-80-panorama-review/
0,874,https://www.35mmc.com/04/06/2016/samsung-af-slim-review/
0,875,https://www.35mmc.com/14/12/2019/leica-minilux-death-by-e02-5-frames-with-a-beautiful-brick-by-bill-thoo/
0,876,https://www.35mmc.com/28/04/2018/canon-sure-shot-supreme-review/
0,877,https://www.35mmc.com/25/06/2016/halina-af810-review/
0,878,https://www.35mmc.com/11/08/2020/sprocket-rocket-2-0-review-a-day-at-the-fair-by-alex-vye/
0,879,https://www.35mmc.com/28/03/2022/chinon-belami-af-review/
0,880,https://www.35mmc.com/24/09/2016/canon-sprint-review-af35j-jet/
0,881,https://www.35mmc.com/01/03/2016/modifying-shooting-vivitar-ultra-wide-and-slim/
0,882,https://www.35mmc.com/28/08/2020/lomography-fisheye-2-review/
0,883,https://www.35mmc.com/20/05/2016/halina-af700-review/
0,884,https://www.35mmc.com/05/05/2020/olympus-mju-ii-review-john-hanson/
0,885,https://www.35mmc.com/15/01/2021/ricoh-shotmaster-ultra-zoom-super-review/
0,886,https://www.35mmc.com/30/08/2019/yashica-t4-review/
0,887,https://www.35mmc.com/14/04/2020/nikon-lite-touch-zoom-120ed-5-frames-review-by-robert/
0,888,https://www.35mmc.com/01/03/2016/modifying-shooting-vivitar-ultra-wide-and-slim/
0,889,https://www.35mmc.com/27/07/2020/konica-big-mini-f-review/
0,890,https://www.35mmc.com/18/07/2019/point-and-shoot-shootout-on-a-budget-by-dan-marinelli/
0,891,https://www.35mmc.com/31/10/2013/olympus-xa-classic/
0,892,https://www.35mmc.com/05/02/2014/fujifilm-dl-270-zoom-date-review/
0,893,https://www.35mmc.com/28/08/2020/lomography-fisheye-2-review/
0,894,https://www.35mmc.com/01/03/2016/modifying-shooting-vivitar-ultra-wide-and-slim/
0,895,https://www.35mmc.com/08/11/2022/babies-in-black-swapping-konica-autoreflex-t3-body-plates-by-bob-janes/
0,896,https://www.35mmc.com/23/05/2019/chinon-bellami-mini-review/
0,897,https://www.35mmc.com/22/12/2020/panasonic-c-3000zm-review/
0,898,https://www.35mmc.com/29/03/2019/nikon-l35af-a-mini-review-by-giacomo-zema/
0,899,https://www.35mmc.com/08/05/2013/olympus-trip-35-review/
0,900,https://www.35mmc.com/25/09/2020/minolta-riva-zoom-110-review/
0,901,https://www.35mmc.com/17/08/2021/cannonmate-ae-808-shooting-a-very-fake-canon-by-karl-gustavsson/
0,902,https://www.35mmc.com/10/11/2019/olympus-xa-digital-palate-cleansing/
0,903,https://www.35mmc.com/03/11/2015/creating-perfect-camera/
0,904,https://www.35mmc.com/02/01/2021/samsung-fino-70s-review/
0,905,https://www.35mmc.com/28/02/2019/olympus-az-1-zoom-review/
0,906,https://www.35mmc.com/01/10/2021/kodak-ke60-easy-load-35-review-concealed-greatness-among-the-compact-craze-thang-nguyen/
0,907,https://www.35mmc.com/18/01/2019/fuji-natura-black-review/
0,908,https://www.35mmc.com/25/05/2018/ricoh-ff-90-super-review/
0,909,https://www.35mmc.com/11/08/2020/sprocket-rocket-2-0-review-a-day-at-the-fair-by-alex-vye/
0,910,https://www.35mmc.com/18/03/2019/olympus-mju-ii-review/
0,911,https://www.35mmc.com/25/05/2018/ricoh-ff-90-super-review/
0,912,https://www.35mmc.com/11/12/2020/kodak-s1100xl-review-chinon-3001-in-kodak-clothing-by-thang-nguyen/
0,913,https://www.35mmc.com/14/01/2014/fuji-zoom-date-2-8-silvi-review/
0,914,https://www.35mmc.com/21/02/2020/canon-sure-shot-zoom-xl-review/
0,915,https://www.35mmc.com/03/09/2018/olympus-af10-review/
0,916,https://www.35mmc.com/02/10/2015/minolta-riva-mini-review/
0,917,https://www.35mmc.com/21/10/2015/minolta-hi-matic-af2-review/
0,918,https://www.35mmc.com/15/01/2021/ricoh-shotmaster-ultra-zoom-super-review/
0,919,https://www.35mmc.com/13/09/2018/minolta-af-35r-qd-review/
0,920,https://www.35mmc.com/25/09/2020/minolta-riva-zoom-110-review/
0,921,https://www.35mmc.com/22/12/2020/panasonic-c-3000zm-review/
0,922,https://www.35mmc.com/25/06/2016/halina-af810-review/
0,923,https://www.35mmc.com/28/03/2022/chinon-belami-af-review/
0,924,https://www.35mmc.com/05/08/2022/kodak-ektar-h35-review-cheap-thrills-with-a-very-simple-camera-by-eric-woods/
0,925,https://www.35mmc.com/08/07/2013/konica-big-mini-review-yeah-its-not-bad/
0,926,https://www.35mmc.com/08/01/2015/olympus-af-10-super-review/
0,927,https://www.35mmc.com/05/08/2022/kodak-ektar-h35-review-cheap-thrills-with-a-very-simple-camera-by-eric-woods/
0,928,https://www.35mmc.com/03/05/2022/olympus-is-300-bridge-camera-mini-review/
0,929,https://www.35mmc.com/30/12/2014/pentax-espio-mini-uc-1/
0,930,https://www.35mmc.com/03/08/2018/canon-af35m-making-review/
0,931,https://www.35mmc.com/27/07/2020/konica-big-mini-f-review/
0,932,https://www.35mmc.com/07/07/2018/yashica-ninja-star-ii-af-j2-review/
0,933,https://www.35mmc.com/07/05/2021/canon-sure-shot-z90w-review/
0,934,https://www.35mmc.com/13/08/2020/hanimex-vef-mini-camera-mini-review-by-tobias-eriksson/
0,935,https://www.35mmc.com/01/08/2013/ricoh-ff90-review/
0,936,https://www.35mmc.com/07/08/2020/vivitar-tec-45-and-panasonic-c-600-review/
0,937,https://www.35mmc.com/09/07/2016/miranda-a-x/
0,938,https://www.35mmc.com/08/06/2016/samsung-vega-140s-review/
0,939,https://www.35mmc.com/09/10/2020/olympus-mju-v-review/
0,940,https://www.35mmc.com/16/12/2018/konica-z-up-150-vp-mini-review/
0,941,https://www.35mmc.com/05/02/2014/fujifilm-dl-270-zoom-date-review/
0,942,https://www.35mmc.com/07/07/2016/olympus-xa-review-mighty-micro-machine/
0,943,https://www.35mmc.com/13/10/2022/alfie-tych-preview-an-eccentric-camera-that-fits-in-the-palm-of-your-hand/
0,944,https://www.35mmc.com/11/08/2020/sprocket-rocket-2-0-review-a-day-at-the-fair-by-alex-vye/
0,945,https://www.35mmc.com/11/04/2016/minolta-afz-review/
0,946,https://www.35mmc.com/07/04/2015/leica-mini-one-roll-review/
0,947,https://www.35mmc.com/14/10/2021/pentax-iqzoom-928-review/
0,948,https://www.35mmc.com/24/09/2016/canon-sprint-review-af35j-jet/
0,949,https://www.35mmc.com/23/05/2019/chinon-bellami-mini-review/
0,950,https://www.35mmc.com/30/08/2019/yashica-t4-review/
0,951,https://www.35mmc.com/27/06/2018/olympus-mju-ii-zoom-80-panorama-review/
0,952,https://www.35mmc.com/25/04/2020/carena-mini-zoom-115s-review-by-gandhi-cabanas/
0,953,https://www.35mmc.com/07/03/2019/canon-sureshot-or-autoboy-af35m-ii-review/
0,954,https://www.35mmc.com/18/09/2020/vivitar-pz3815db-review/
0,955,https://www.35mmc.com/13/08/2020/hanimex-vef-mini-camera-mini-review-by-tobias-eriksson/
0,956,https://www.35mmc.com/18/03/2019/olympus-mju-ii-review/
0,957,https://www.35mmc.com/25/06/2021/ricoh-r10-first-rolls-mini-review-by-louis-boothman/
0,958,https://www.35mmc.com/15/08/2022/ricoh-mirai-olympus-az-4-zoom-review-fraternal-twins-by-david-tellet/
0,959,https://www.35mmc.com/14/12/2020/pentax-espio-170sl-review/
0,960,https://www.35mmc.com/03/07/2016/pentax-espio-120-review/
0,961,https://www.35mmc.com/11/06/2016/canon-sure-shot-af8-review/
0,962,https://www.35mmc.com/30/01/2016/nikon-l35af-review/
0,963,https://www.35mmc.com/21/02/2020/canon-sure-shot-zoom-xl-review/
0,964,https://www.35mmc.com/28/04/2018/canon-sure-shot-supreme-review/
0,965,https://www.35mmc.com/17/11/2016/canon-sure-shot-sleekprima-mini-ii-review/
0,966,https://www.35mmc.com/08/03/2015/minolta-af101r-review/
0,967,https://www.35mmc.com/27/03/2016/olympus-xa2-review-love-camera/
0,968,https://www.35mmc.com/14/12/2020/pentax-espio-170sl-review/
0,969,https://www.35mmc.com/22/10/2021/samsung-slim-zoom-1150-review/
0,970,https://www.35mmc.com/05/01/2021/olympus-af-1-mini-review/
0,971,https://www.35mmc.com/07/04/2015/leica-mini-one-roll-review/
0,972,https://www.35mmc.com/01/07/2019/lomo-lc-a-a-one-roll-15-year-review/
0,973,https://www.35mmc.com/01/07/2019/lomo-lc-a-a-one-roll-15-year-review/
0,974,https://www.35mmc.com/29/10/2016/two-trips-olympus-trip-35/
0,975,https://www.35mmc.com/22/12/2020/panasonic-c-3000zm-review/
0,976,https://www.35mmc.com/08/05/2013/olympus-trip-35-review/
0,977,https://www.35mmc.com/11/01/2019/minox-35-gt-guest-review/
0,978,https://www.35mmc.com/12/07/2016/lomo-lc-a-alternatives/
0,979,https://www.35mmc.com/27/11/2020/agfa-optima-sensor-flash-review/
0,980,https://www.35mmc.com/27/03/2016/olympus-xa2-review-love-camera/
0,981,https://www.35mmc.com/22/02/2016/minolta-riva-panorama-intermezzo/
0,982,https://www.35mmc.com/31/10/2022/voigtlander-vito-iia-review-going-full-circle-by-tony-warren/
0,983,https://www.35mmc.com/08/05/2019/national-panasonic-c-500af-review/
0,984,https://www.35mmc.com/23/06/2020/olympus-stylus-epic-zoom-115-review/
0,985,https://www.35mmc.com/15/04/2016/kodak-portra-400-first-experiences/
0,986,https://www.35mmc.com/11/03/2021/minox-110s-a-mini-review/
0,987,https://www.35mmc.com/08/03/2015/minolta-af101r-review/
0,988,https://www.35mmc.com/28/01/2019/cosina-cx-2-review/
0,989,https://www.35mmc.com/18/03/2019/olympus-mju-ii-review/
0,990,https://www.35mmc.com/02/02/2021/minox-35-gt-e-review-scale-focusing-a-pocket-camera-by-anton-yakovlev/
0,991,https://www.35mmc.com/13/08/2020/hanimex-vef-mini-camera-mini-review-by-tobias-eriksson/
0,992,https://www.35mmc.com/29/03/2021/rollei-35-my-experiences-with-and-love-for-these-little-cameras/
0,993,https://www.35mmc.com/06/02/2022/dacora-dignette-the-story-of-a-old-colleagues-camera-by-jordi-fradera/
0,994,https://www.35mmc.com/15/08/2022/ricoh-mirai-olympus-az-4-zoom-review-fraternal-twins-by-david-tellet/
0,995,https://www.35mmc.com/12/05/2018/fuji-natura-s-review/
0,996,https://www.35mmc.com/01/03/2016/modifying-shooting-vivitar-ultra-wide-and-slim/
0,997,https://www.35mmc.com/23/11/2018/voigtlander-vito-ii-review/
0,998,https://www.35mmc.com/22/04/2022/kodak-retina-118-more-than-a-camera-by-lisa-murphy/
0,999,https://www.35mmc.com/11/04/2016/minolta-afz-review/
0,1000,https://www.35mmc.com/13/07/2015/fuji-dl-500-review/
0,1001,https://www.35mmc.com/03/09/2018/olympus-af10-review/
0,1002,https://www.35mmc.com/08/03/2015/minolta-af101r-review/
0,1003,https://www.35mmc.com/22/02/2020/yashica-t4-review-2-goodbye/
0,1004,https://www.35mmc.com/03/02/2018/yashica-t2-review/
0,1005,https://www.35mmc.com/07/12/2020/canon-sure-shot-ex-review/
0,1006,https://www.35mmc.com/18/01/2019/fuji-natura-black-review/
0,1007,https://www.35mmc.com/04/09/2020/olympus-quick-shooter-zoom-review/
0,1008,https://www.35mmc.com/01/08/2013/ricoh-ff90-review/
0,1009,https://www.35mmc.com/07/05/2021/canon-sure-shot-z90w-review/
0,1010,https://www.35mmc.com/21/10/2015/minolta-hi-matic-af2-review/
0,1011,https://www.35mmc.com/05/06/2013/yashica-t5-review/
0,1012,https://www.35mmc.com/05/06/2013/yashica-t5-review/
0,1013,https://www.35mmc.com/24/05/2015/chinon-auto-3001/
0,1014,https://www.35mmc.com/22/11/2016/lomo-lc-wide-review/
0,1015,https://www.35mmc.com/13/10/2022/alfie-tych-preview-an-eccentric-camera-that-fits-in-the-palm-of-your-hand/
0,1016,https://www.35mmc.com/22/12/2020/panasonic-c-3000zm-review/
0,1017,https://www.35mmc.com/16/03/2021/olympus-35-ec-and-ec2-review/
0,1018,https://www.35mmc.com/11/08/2020/sprocket-rocket-2-0-review-a-day-at-the-fair-by-alex-vye/
0,1019,https://www.35mmc.com/19/07/2018/rollei-prego-70-trouble-names-pedro-trevinos-ps-journal-3/
0,1020,https://www.35mmc.com/17/03/2019/ricoh-rz-105-zoom-date-review/
0,1021,https://www.35mmc.com/27/03/2016/olympus-xa2-review-love-camera/
0,1022,https://www.35mmc.com/04/06/2016/samsung-af-slim-review/
0,1023,https://www.35mmc.com/15/01/2021/ricoh-shotmaster-ultra-zoom-super-review/
0,1024,https://www.35mmc.com/14/12/2019/leica-minilux-death-by-e02-5-frames-with-a-beautiful-brick-by-bill-thoo/
0,1025,https://www.35mmc.com/08/01/2015/olympus-af-10-super-review/
0,1026,https://www.35mmc.com/14/10/2021/pentax-iqzoom-928-review/
0,1027,https://www.35mmc.com/08/10/2016/ricoh-ff9s-review/
0,1028,https://www.35mmc.com/01/08/2013/ricoh-ff90-review/
0,1029,https://www.35mmc.com/28/10/2020/pf-micro-110-high-tech-110-camera-and-some-fresh-film-by-jordi-fradera/
0,1030,https://www.35mmc.com/09/06/2013/nikon-lite-touch-af600-review/
0,1031,https://www.35mmc.com/05/06/2020/fujifilm-zoom-date-1000-1300-and-160s-review/
0,1032,https://www.35mmc.com/27/07/2020/konica-big-mini-f-review/
0,1033,https://www.35mmc.com/22/12/2020/panasonic-c-3000zm-review/
0,1034,https://www.35mmc.com/28/03/2019/ricoh-gr10-review-diamond/
0,1035,https://www.35mmc.com/02/01/2021/samsung-fino-70s-review/
0,1036,https://www.35mmc.com/09/12/2017/yashica-t4-zoom-review/
0,1037,https://www.35mmc.com/28/02/2019/olympus-az-1-zoom-review/
0,1038,https://www.35mmc.com/19/11/2021/fuji-discovery-875-zoom-plus-attention-kmart-shoppers-or-a-discount-department-store-photographic-history-by-shawn-granton/
0,1039,https://www.35mmc.com/13/05/2022/canon-epoca-a-review-by-phil-harrison/
0,1040,https://www.35mmc.com/06/05/2016/olympus-xa4-review/
0,1041,https://www.35mmc.com/04/09/2020/olympus-quick-shooter-zoom-review/
0,1042,https://www.35mmc.com/27/07/2020/konica-big-mini-f-review/
0,1043,https://www.35mmc.com/23/08/2015/olympus-mju-iii-wide-100-review/
0,1044,https://www.35mmc.com/14/10/2021/pentax-iqzoom-928-review/
0,1045,https://www.35mmc.com/08/07/2013/konica-big-mini-review-yeah-its-not-bad/
0,1046,https://www.35mmc.com/05/03/2016/ricoh-ff-8wr-review/
0,1047,https://www.35mmc.com/22/02/2020/yashica-t4-review-2-goodbye/
0,1048,https://www.35mmc.com/28/01/2019/cosina-cx-2-review/
0,1049,https://www.35mmc.com/15/03/2019/olympus-xa-shooting-a-roll-in-san-francisco-by-jacint/
0,1050,https://www.35mmc.com/07/12/2020/canon-sure-shot-ex-review/
0,1051,https://www.35mmc.com/18/03/2019/olympus-mju-ii-review/
0,1052,https://www.35mmc.com/28/02/2019/olympus-az-1-zoom-review/
0,1053,https://www.35mmc.com/18/07/2019/point-and-shoot-shootout-on-a-budget-by-dan-marinelli/
0,1054,https://www.35mmc.com/20/11/2020/canon-sure-shot-z155-review/
0,1055,https://www.35mmc.com/18/03/2019/olympus-mju-ii-review/
0,1056,https://www.35mmc.com/22/02/2016/minolta-riva-panorama-intermezzo/
0,1057,https://www.35mmc.com/30/03/2019/olympus-mju-ii-kodak-t-max-400-lessons-from-the-forgotten-ones-by-jon-yk-lee/
0,1058,https://www.35mmc.com/06/05/2016/olympus-xa4-review/
0,1059,https://www.35mmc.com/23/04/2020/canon-sure-shot-105-zoom-mini-review-by-gavin-bain/
0,1060,https://www.35mmc.com/09/12/2017/yashica-t4-zoom-review/
0,1061,https://www.35mmc.com/18/03/2017/ricoh-shotmaster-tru-zoom/
0,1062,https://www.35mmc.com/09/09/2019/pentax-espio-80-review/
0,1063,https://www.35mmc.com/20/11/2020/canon-sure-shot-z155-review/
0,1064,https://www.35mmc.com/13/10/2022/alfie-tych-preview-an-eccentric-camera-that-fits-in-the-palm-of-your-hand/
0,1065,https://www.35mmc.com/01/03/2016/modifying-shooting-vivitar-ultra-wide-and-slim/
0,1066,https://www.35mmc.com/04/09/2020/olympus-quick-shooter-zoom-review/
0,1067,https://www.35mmc.com/14/12/2019/leica-minilux-death-by-e02-5-frames-with-a-beautiful-brick-by-bill-thoo/
0,1068,https://www.35mmc.com/24/12/2018/panomicron-oxygen-review/
0,1069,https://www.35mmc.com/12/11/2021/lensfayre-snap-lf35-m-a-sustainable-customisable-reusable-camera/
0,1070,https://www.35mmc.com/22/11/2016/lomo-lc-wide-review/
0,1071,https://www.35mmc.com/24/09/2016/canon-sprint-review-af35j-jet/
0,1072,https://www.35mmc.com/08/07/2013/konica-big-mini-review-yeah-its-not-bad/
0,1073,https://www.35mmc.com/14/10/2021/pentax-iqzoom-928-review/
0,1074,https://www.35mmc.com/06/12/2015/minolta-explorer-zoom-riva-zoom-70w-review/
0,1075,https://www.35mmc.com/18/09/2020/vivitar-pz3815db-review/
0,1076,https://www.35mmc.com/28/03/2022/chinon-belami-af-review/
0,1077,https://www.35mmc.com/30/03/2019/olympus-mju-ii-kodak-t-max-400-lessons-from-the-forgotten-ones-by-jon-yk-lee/
0,1078,https://www.35mmc.com/22/12/2020/panasonic-c-3000zm-review/
0,1079,https://www.35mmc.com/05/02/2014/fujifilm-dl-270-zoom-date-review/
0,1080,https://www.35mmc.com/20/11/2020/canon-sure-shot-z155-review/
0,1081,https://www.35mmc.com/25/06/2021/ricoh-r10-first-rolls-mini-review-by-louis-boothman/
0,1082,https://www.35mmc.com/14/04/2018/konica-aa-35-reporter-review/
0,1083,https://www.35mmc.com/05/08/2022/kodak-ektar-h35-review-cheap-thrills-with-a-very-simple-camera-by-eric-woods/
0,1084,https://www.35mmc.com/23/01/2020/olympus-stylus-epic-zoom-80-review/
0,1085,https://www.35mmc.com/21/06/2016/samsung-ecx1-review/
0,1086,https://www.35mmc.com/07/12/2020/canon-sure-shot-ex-review/
0,1087,https://www.35mmc.com/13/07/2015/fuji-dl-500-review/
0,1088,https://www.35mmc.com/18/01/2019/fuji-natura-black-review/
0,1089,https://www.35mmc.com/27/06/2018/olympus-mju-ii-zoom-80-panorama-review/
0,1090,https://www.35mmc.com/16/12/2018/konica-z-up-150-vp-mini-review/
0,1091,https://www.35mmc.com/10/07/2015/konica-mermaid-review/
0,1092,https://www.35mmc.com/14/12/2020/pentax-espio-170sl-review/
0,1093,https://www.35mmc.com/12/05/2018/fuji-natura-s-review/
