,ID,totalTerm,URL
0,1,404,https://www.35mmc.com/26/02/2021/panorama-wide-pic-review/
0,2,333,https://www.35mmc.com/20/05/2016/halina-af700-review/
0,3,962,https://www.35mmc.com/15/08/2022/ricoh-mirai-olympus-az-4-zoom-review-fraternal-twins-by-david-tellet/
0,4,433,https://www.35mmc.com/28/10/2020/pf-micro-110-high-tech-110-camera-and-some-fresh-film-by-jordi-fradera/
0,5,1279,https://www.35mmc.com/05/06/2020/fujifilm-zoom-date-1000-1300-and-160s-review/
0,6,1175,https://www.35mmc.com/28/01/2019/cosina-cx-2-review/
0,7,763,https://www.35mmc.com/11/03/2021/minox-110s-a-mini-review/
0,8,659,https://www.35mmc.com/22/12/2020/panasonic-c-3000zm-review/
0,9,474,https://www.35mmc.com/27/03/2016/olympus-xa2-review-love-camera/
0,10,590,https://www.35mmc.com/13/07/2021/minolta-hi-matic-g-the-bare-essentials-by-cosmo-coughlin/
0,11,578,https://www.35mmc.com/14/01/2014/fuji-zoom-date-2-8-silvi-review/
0,12,590,https://www.35mmc.com/13/07/2021/minolta-hi-matic-g-the-bare-essentials-by-cosmo-coughlin/
0,13,501,https://www.35mmc.com/02/05/2019/yashica-auto-focus-moto-review/
0,14,647,https://www.35mmc.com/27/11/2020/agfa-optima-sensor-flash-review/
0,15,828,https://www.35mmc.com/12/11/2021/lensfayre-snap-lf35-m-a-sustainable-customisable-reusable-camera/
0,16,1262,https://www.35mmc.com/28/10/2022/olympus-trip-35-on-holiday-part-1-keeping-it-simple-in-new-zealand-by-david-hume/
0,17,590,https://www.35mmc.com/13/07/2021/minolta-hi-matic-g-the-bare-essentials-by-cosmo-coughlin/
0,18,1262,https://www.35mmc.com/28/10/2022/olympus-trip-35-on-holiday-part-1-keeping-it-simple-in-new-zealand-by-david-hume/
0,19,751,https://www.35mmc.com/20/11/2016/minox-35gt-ilford-hp5-streets-berlin/
0,20,1149,https://www.35mmc.com/23/11/2018/voigtlander-vito-ii-review/
0,21,758,https://www.35mmc.com/26/07/2022/konica-ee-matic-260-ilford-sportsman-c-reviving-two-instamatic-cameras-by-tobias-eriksson/
0,22,610,https://www.35mmc.com/14/04/2018/konica-aa-35-reporter-review/
0,23,624,https://www.35mmc.com/08/06/2016/samsung-vega-140s-review/
0,24,1613,https://www.35mmc.com/23/08/2015/olympus-mju-iii-wide-100-review/
0,25,648,https://www.35mmc.com/17/11/2016/canon-sure-shot-sleekprima-mini-ii-review/
0,26,751,https://www.35mmc.com/20/11/2016/minox-35gt-ilford-hp5-streets-berlin/
0,27,2257,https://www.35mmc.com/14/03/2015/rollei-35se-review-zone-focus-camera/
0,28,1263,https://www.35mmc.com/25/05/2021/rollei-a110-the-110-a-review-by-bob-janes/
0,29,1090,https://www.35mmc.com/01/07/2019/lomo-lc-a-a-one-roll-15-year-review/
0,30,867,https://www.35mmc.com/12/11/2017/nikonos-iii-dry-land-review/
0,31,828,https://www.35mmc.com/12/11/2021/lensfayre-snap-lf35-m-a-sustainable-customisable-reusable-camera/
0,32,1519,https://www.35mmc.com/13/10/2022/alfie-tych-preview-an-eccentric-camera-that-fits-in-the-palm-of-your-hand/
0,33,484,https://www.35mmc.com/21/02/2019/nikonos-v-35mm-f-2-5-fuji-superia-x-tra-400/
0,34,460,https://www.35mmc.com/13/08/2020/hanimex-vef-mini-camera-mini-review-by-tobias-eriksson/
0,35,593,https://www.35mmc.com/07/12/2018/canon-sure-shot-max-review/
0,36,1661,https://www.35mmc.com/05/04/2019/voigtlander-vito-bl-by-andrew-morang/
0,37,631,https://www.35mmc.com/29/03/2019/nikon-l35af-a-mini-review-by-giacomo-zema/
0,38,1279,https://www.35mmc.com/05/06/2020/fujifilm-zoom-date-1000-1300-and-160s-review/
0,39,721,https://www.35mmc.com/03/09/2021/texet-tx-500-review-fake-autoexposure-compact-by-rock/
0,40,912,https://www.35mmc.com/08/01/2015/olympus-af-10-super-review/
0,41,1072,https://www.35mmc.com/03/06/2021/my-journey-shooting-85-analog-cameras-and-writing-a-book-about-it-by-christof-bircher/
0,42,531,https://www.35mmc.com/24/05/2015/chinon-auto-3001/
0,43,1519,https://www.35mmc.com/13/10/2022/alfie-tych-preview-an-eccentric-camera-that-fits-in-the-palm-of-your-hand/
0,44,590,https://www.35mmc.com/13/07/2021/minolta-hi-matic-g-the-bare-essentials-by-cosmo-coughlin/
0,45,802,https://www.35mmc.com/02/02/2021/minox-35-gt-e-review-scale-focusing-a-pocket-camera-by-anton-yakovlev/
0,46,516,https://www.35mmc.com/22/01/2021/regula-rm-mastra-v35-review/
0,47,573,https://www.35mmc.com/07/08/2020/vivitar-tec-45-and-panasonic-c-600-review/
0,48,2042,https://www.35mmc.com/29/03/2021/rollei-35-my-experiences-with-and-love-for-these-little-cameras/
0,49,439,https://www.35mmc.com/31/03/2016/lomo-lc-love-review/
0,50,519,https://www.35mmc.com/19/05/2020/panasonic-lumix-lc5-review/
0,51,672,https://www.35mmc.com/23/05/2019/chinon-bellami-mini-review/
0,52,1661,https://www.35mmc.com/05/04/2019/voigtlander-vito-bl-by-andrew-morang/
0,53,855,https://www.35mmc.com/29/12/2019/panasonic-gm1-a-digital-ilc-alternative-to-the-olympus-xa2-by-charles-higham/
0,54,596,https://www.35mmc.com/08/12/2020/yashica-rapide-half-frame-review/
0,55,800,https://www.35mmc.com/28/10/2017/canon-demi-c-half-review-tobias-eriksson/
0,56,875,https://www.35mmc.com/05/01/2021/olympus-af-1-mini-review/
0,57,957,https://www.35mmc.com/13/12/2015/voigtlander-bessa-l-review/
0,58,1149,https://www.35mmc.com/23/11/2018/voigtlander-vito-ii-review/
0,59,910,https://www.35mmc.com/03/02/2021/rollei-35s-choosing-a-film-partner-for-another-pocket-camera-by-phil-calvit/
0,60,2257,https://www.35mmc.com/14/03/2015/rollei-35se-review-zone-focus-camera/
0,61,891,https://www.35mmc.com/23/04/2017/nikonos-v-underwater/
0,62,647,https://www.35mmc.com/18/05/2013/voigtlander-vito-b-review/
0,63,957,https://www.35mmc.com/13/12/2015/voigtlander-bessa-l-review/
0,64,683,https://www.35mmc.com/09/02/2021/diax-l-1-a-review/
0,65,886,https://www.35mmc.com/16/05/2016/olympus-pen-ee-2-review-2/
0,66,627,https://www.35mmc.com/11/01/2019/minox-35-gt-guest-review/
0,67,758,https://www.35mmc.com/26/07/2022/konica-ee-matic-260-ilford-sportsman-c-reviving-two-instamatic-cameras-by-tobias-eriksson/
0,68,396,https://www.35mmc.com/01/10/2022/voigtlander-vito-cl-the-dad-cam-by-hans-gastafsson/
0,69,910,https://www.35mmc.com/03/02/2021/rollei-35s-choosing-a-film-partner-for-another-pocket-camera-by-phil-calvit/
0,70,454,https://www.35mmc.com/02/09/2017/olympus-pen-ee-2-review/
0,71,370,https://www.35mmc.com/15/12/2019/zeiss-ikon-contina-iii-review-by-charles-higham/
0,72,1024,https://www.35mmc.com/31/10/2022/voigtlander-vito-iia-review-going-full-circle-by-tony-warren/
0,73,449,https://www.35mmc.com/17/06/2017/smena-8m-review-sometimes-just-play/
0,74,994,https://www.35mmc.com/28/05/2017/kodak-retinette-1a-review/
0,75,867,https://www.35mmc.com/12/11/2017/nikonos-iii-dry-land-review/
0,76,1175,https://www.35mmc.com/28/01/2019/cosina-cx-2-review/
0,77,590,https://www.35mmc.com/13/07/2021/minolta-hi-matic-g-the-bare-essentials-by-cosmo-coughlin/
0,78,578,https://www.35mmc.com/01/07/2020/olympus-xa-and-other-compacts-rediscovering-old-flames-by-alan-reich/
0,79,2257,https://www.35mmc.com/14/03/2015/rollei-35se-review-zone-focus-camera/
0,80,412,https://www.35mmc.com/28/08/2020/fight-of-the-fifties-by-bent_brent/
0,81,511,https://www.35mmc.com/07/11/2015/first-film-camera-part-2-guest-post-aukje/
0,82,867,https://www.35mmc.com/12/11/2017/nikonos-iii-dry-land-review/
0,83,2042,https://www.35mmc.com/29/03/2021/rollei-35-my-experiences-with-and-love-for-these-little-cameras/
0,84,971,https://www.35mmc.com/15/12/2013/my-failing-right-eye-an-old-watch-the-leica-m7-and-learning-how-to-frame-a-photo-again/
0,85,891,https://www.35mmc.com/23/04/2017/nikonos-v-underwater/
0,86,1260,https://www.35mmc.com/12/07/2016/lomo-lc-a-alternatives/
0,87,1001,https://www.35mmc.com/27/12/2021/comparing-the-zeiss-icon-voigtlander-500-se-electronic-and-the-1000-sr-by-nigel-h/
0,88,1175,https://www.35mmc.com/28/01/2019/cosina-cx-2-review/
0,89,611,https://www.35mmc.com/21/09/2022/foveon-color-and-infrared-black-white-back-to-back-comparison-w-sigma-dp2-quattro-and-sd-quattro-by-eric-l-woods/
0,90,685,https://www.35mmc.com/14/02/2015/karmera-act-giving-away-gear/
0,91,469,https://www.35mmc.com/15/08/2016/leica-m8-important-use-ccd-look-photos/
0,92,1104,https://www.35mmc.com/22/06/2020/enjoying-some-pentax-slr-gear-acquisition-syndrome/
0,93,490,https://www.35mmc.com/07/11/2019/why-are-you-carrying-the-camera-by-frank-h-wu/
0,94,705,https://www.35mmc.com/09/08/2014/film-camera-tool-more/
0,95,1305,https://www.35mmc.com/06/06/2022/hiking-the-uncanny-valley-by-don-goodman-wilson/
0,96,265,https://www.35mmc.com/01/01/2016/the-gas-horseshoe/
0,97,596,https://www.35mmc.com/08/12/2020/yashica-rapide-half-frame-review/
0,98,1262,https://www.35mmc.com/28/10/2022/olympus-trip-35-on-holiday-part-1-keeping-it-simple-in-new-zealand-by-david-hume/
0,99,164,https://www.35mmc.com/07/06/2013/petri-color-35-through-the-viewfinder/
0,100,1265,https://www.35mmc.com/14/01/2019/leica-standard-review/
0,101,758,https://www.35mmc.com/26/07/2022/konica-ee-matic-260-ilford-sportsman-c-reviving-two-instamatic-cameras-by-tobias-eriksson/
0,102,1216,https://www.35mmc.com/17/12/2019/cameradactyl-brancopan/
0,103,672,https://www.35mmc.com/23/05/2019/chinon-bellami-mini-review/
0,104,479,https://www.35mmc.com/30/03/2019/olympus-mju-ii-kodak-t-max-400-lessons-from-the-forgotten-ones-by-jon-yk-lee/
0,105,921,https://www.35mmc.com/26/04/2015/canon-prima-bf-80-date-snappy-qt-date-review/
0,106,560,https://www.35mmc.com/05/03/2020/beauty-of-basic-life-with-one-lens/
0,107,593,https://www.35mmc.com/07/12/2018/canon-sure-shot-max-review/
0,108,333,https://www.35mmc.com/20/05/2016/halina-af700-review/
0,109,665,https://www.35mmc.com/14/01/2021/epaper-photo-printing-my-steampunk-photo-paper-by-marco-dughera/
0,110,725,https://www.35mmc.com/27/08/2021/panasonic-gf1-7artisans-18mm-my-analog-point-shoot-experience-digital-camera-by-frankie-bina/
0,111,1892,https://www.35mmc.com/24/05/2019/compact-magic-turning-into-a-point-and-shooter-by-christian-schroeder/
0,112,646,https://www.35mmc.com/17/06/2021/rediscovering-the-slr-with-a-nikon-f-by-hern-tan/
0,113,1558,https://www.35mmc.com/22/04/2022/kodak-retina-118-more-than-a-camera-by-lisa-murphy/
0,114,386,https://www.35mmc.com/20/05/2018/adapting-lenses-kf-concept-simon-forster-another-podcast-appearance/
0,115,452,https://www.35mmc.com/13/01/2018/nikon-f75-review-project-pt-4/
0,116,1305,https://www.35mmc.com/06/06/2022/hiking-the-uncanny-valley-by-don-goodman-wilson/
0,117,513,https://www.35mmc.com/29/02/2020/praktica-l-slrs-review/
0,118,437,https://www.35mmc.com/09/02/2018/not-camera-frank-h-wu/
0,119,533,https://www.35mmc.com/10/01/2017/lure-uncomplicated-camera/
0,120,578,https://www.35mmc.com/01/07/2020/olympus-xa-and-other-compacts-rediscovering-old-flames-by-alan-reich/
0,121,452,https://www.35mmc.com/13/01/2018/nikon-f75-review-project-pt-4/
0,122,556,https://www.35mmc.com/31/07/2020/one-camera-one-lens-a-methodology-that-stuck-by-jack-lowe/
0,123,1235,https://www.35mmc.com/15/02/2021/bokeh-finally-rationalising-my-relationship/
0,124,1273,https://www.35mmc.com/02/10/2015/minolta-riva-mini-review/
0,125,578,https://www.35mmc.com/14/01/2014/fuji-zoom-date-2-8-silvi-review/
0,126,514,https://www.35mmc.com/28/03/2022/chinon-belami-af-review/
0,127,672,https://www.35mmc.com/23/05/2019/chinon-bellami-mini-review/
0,128,912,https://www.35mmc.com/08/01/2015/olympus-af-10-super-review/
0,129,472,https://www.35mmc.com/27/06/2018/olympus-mju-ii-zoom-80-panorama-review/
0,130,926,https://www.35mmc.com/30/01/2022/the-benefits-of-bw-polyester-film-by-emanuel-hentes/
0,131,1750,https://www.35mmc.com/30/01/2016/nikon-l35af-review/
0,132,472,https://www.35mmc.com/19/05/2019/the-kit-before-the-horse-by-david-allen/
0,133,596,https://www.35mmc.com/22/10/2021/samsung-slim-zoom-1150-review/
0,134,2012,https://www.35mmc.com/12/02/2016/ricoh-r1-rollei-prego-micron/
0,135,1355,https://www.35mmc.com/11/06/2016/canon-sure-shot-af8-review/
0,136,657,https://www.35mmc.com/28/03/2019/ricoh-gr10-review-diamond/
0,137,610,https://www.35mmc.com/14/04/2018/konica-aa-35-reporter-review/
0,138,390,https://www.35mmc.com/10/11/2019/olympus-xa-digital-palate-cleansing/
0,139,659,https://www.35mmc.com/22/12/2020/panasonic-c-3000zm-review/
0,140,493,https://www.35mmc.com/09/12/2017/yashica-t4-zoom-review/
0,141,605,https://www.35mmc.com/09/10/2018/konica-z-up-100w-review/
0,142,1355,https://www.35mmc.com/11/06/2016/canon-sure-shot-af8-review/
0,143,1171,https://www.35mmc.com/09/10/2020/olympus-mju-v-review/
0,144,1314,https://www.35mmc.com/22/11/2016/lomo-lc-wide-review/
0,145,921,https://www.35mmc.com/26/04/2015/canon-prima-bf-80-date-snappy-qt-date-review/
0,146,523,https://www.35mmc.com/12/07/2019/agfa-karat-36-review/
0,147,1273,https://www.35mmc.com/02/10/2015/minolta-riva-mini-review/
0,148,523,https://www.35mmc.com/07/12/2020/canon-sure-shot-ex-review/
0,149,437,https://www.35mmc.com/19/07/2018/rollei-prego-70-trouble-names-pedro-trevinos-ps-journal-3/
0,150,596,https://www.35mmc.com/22/10/2021/samsung-slim-zoom-1150-review/
0,151,1090,https://www.35mmc.com/01/07/2019/lomo-lc-a-a-one-roll-15-year-review/
0,152,340,https://www.35mmc.com/21/04/2018/chinon-35-fs-ii-review/
0,153,543,https://www.35mmc.com/05/02/2014/fujifilm-dl-270-zoom-date-review/
0,154,404,https://www.35mmc.com/26/02/2021/panorama-wide-pic-review/
0,155,889,https://www.35mmc.com/27/07/2021/minolta-hi-matic-7s-and-a-sentimental-journey-discovering-true-optical-prints-by-shawn-granton/
0,156,467,https://www.35mmc.com/31/10/2013/olympus-xa-classic/
0,157,531,https://www.35mmc.com/24/05/2015/chinon-auto-3001/
0,158,488,https://www.35mmc.com/03/08/2021/yashica-elite-70-review/
0,159,450,https://www.35mmc.com/08/03/2015/minolta-af101r-review/
0,160,586,https://www.35mmc.com/19/03/2021/canon-110ed-a-mini-review/
0,161,1242,https://www.35mmc.com/20/01/2016/canon-af35ml-review/
0,162,469,https://www.35mmc.com/22/04/2017/halina-panorama/
0,163,546,https://www.35mmc.com/17/08/2021/cannonmate-ae-808-shooting-a-very-fake-canon-by-karl-gustavsson/
0,164,1138,https://www.35mmc.com/13/07/2018/petri-1-9-color-corrected-super-type-iii-rangefinder-review/
0,165,299,https://www.35mmc.com/16/12/2018/konica-z-up-150-vp-mini-review/
0,166,875,https://www.35mmc.com/05/01/2021/olympus-af-1-mini-review/
0,167,507,https://www.35mmc.com/14/12/2019/leica-minilux-death-by-e02-5-frames-with-a-beautiful-brick-by-bill-thoo/
0,168,822,https://www.35mmc.com/09/09/2019/pentax-espio-80-review/
0,169,647,https://www.35mmc.com/01/03/2016/modifying-shooting-vivitar-ultra-wide-and-slim/
0,170,433,https://www.35mmc.com/28/10/2020/pf-micro-110-high-tech-110-camera-and-some-fresh-film-by-jordi-fradera/
0,171,514,https://www.35mmc.com/08/07/2013/konica-big-mini-review-yeah-its-not-bad/
0,172,740,https://www.35mmc.com/07/09/2020/rollei-prego-125-review/
0,173,1080,https://www.35mmc.com/30/12/2014/pentax-espio-mini-uc-1/
0,174,573,https://www.35mmc.com/07/08/2020/vivitar-tec-45-and-panasonic-c-600-review/
0,175,855,https://www.35mmc.com/29/12/2019/panasonic-gm1-a-digital-ilc-alternative-to-the-olympus-xa2-by-charles-higham/
0,176,531,https://www.35mmc.com/24/05/2015/chinon-auto-3001/
0,177,1145,https://www.35mmc.com/17/05/2019/yashica-t3-super-d-review/
0,178,657,https://www.35mmc.com/28/03/2019/ricoh-gr10-review-diamond/
0,179,872,https://www.35mmc.com/09/07/2016/miranda-a-x/
0,180,479,https://www.35mmc.com/30/03/2019/olympus-mju-ii-kodak-t-max-400-lessons-from-the-forgotten-ones-by-jon-yk-lee/
0,181,962,https://www.35mmc.com/15/08/2022/ricoh-mirai-olympus-az-4-zoom-review-fraternal-twins-by-david-tellet/
0,182,934,https://www.35mmc.com/15/03/2014/canon-prima-super-120-review/
0,183,977,https://www.35mmc.com/07/04/2015/leica-mini-one-roll-review/
0,184,450,https://www.35mmc.com/08/03/2015/minolta-af101r-review/
0,185,648,https://www.35mmc.com/17/11/2016/canon-sure-shot-sleekprima-mini-ii-review/
0,186,1082,https://www.35mmc.com/06/05/2016/olympus-xa4-review/
0,187,488,https://www.35mmc.com/03/08/2021/yashica-elite-70-review/
0,188,472,https://www.35mmc.com/12/02/2020/a-paxette-pinhole-conversion-and-a-walk-in-the-countryside-by-rock/
0,189,647,https://www.35mmc.com/01/03/2016/modifying-shooting-vivitar-ultra-wide-and-slim/
0,190,1072,https://www.35mmc.com/05/03/2016/ricoh-ff-8wr-review/
0,191,578,https://www.35mmc.com/14/01/2014/fuji-zoom-date-2-8-silvi-review/
0,192,467,https://www.35mmc.com/31/10/2013/olympus-xa-classic/
0,193,567,https://www.35mmc.com/18/01/2019/fuji-natura-black-review/
0,194,1164,https://www.35mmc.com/05/08/2016/konica-genba-kantoku-28wb-review/
0,195,377,https://www.35mmc.com/25/04/2020/carena-mini-zoom-115s-review-by-gandhi-cabanas/
0,196,507,https://www.35mmc.com/14/12/2019/leica-minilux-death-by-e02-5-frames-with-a-beautiful-brick-by-bill-thoo/
0,197,523,https://www.35mmc.com/07/12/2020/canon-sure-shot-ex-review/
0,198,643,https://www.35mmc.com/23/09/2016/nikon-310-zoom-review/
0,199,514,https://www.35mmc.com/08/07/2013/konica-big-mini-review-yeah-its-not-bad/
0,200,423,https://www.35mmc.com/07/05/2021/canon-sure-shot-z90w-review/
0,201,523,https://www.35mmc.com/07/12/2020/canon-sure-shot-ex-review/
0,202,897,https://www.35mmc.com/29/04/2019/canon-mc-review/
0,203,2762,https://www.35mmc.com/26/09/2016/leica-c2-zoom-review/
0,204,450,https://www.35mmc.com/08/03/2015/minolta-af101r-review/
0,205,828,https://www.35mmc.com/12/11/2021/lensfayre-snap-lf35-m-a-sustainable-customisable-reusable-camera/
0,206,1355,https://www.35mmc.com/11/06/2016/canon-sure-shot-af8-review/
0,207,570,https://www.35mmc.com/03/02/2018/yashica-t2-review/
0,208,631,https://www.35mmc.com/29/03/2019/nikon-l35af-a-mini-review-by-giacomo-zema/
0,209,570,https://www.35mmc.com/28/04/2018/canon-sure-shot-supreme-review/
0,210,856,https://www.35mmc.com/12/05/2018/fuji-natura-s-review/
0,211,739,https://www.35mmc.com/15/06/2016/olympus-af-1-twin-review/
0,212,740,https://www.35mmc.com/07/09/2020/rollei-prego-125-review/
0,213,581,https://www.35mmc.com/25/06/2016/halina-af810-review/
0,214,670,https://www.35mmc.com/22/02/2016/minolta-riva-panorama-intermezzo/
0,215,635,https://www.35mmc.com/07/07/2016/olympus-xa-review-mighty-micro-machine/
0,216,856,https://www.35mmc.com/20/04/2021/minolta-freedom-zoom-160-date-review/
0,217,382,https://www.35mmc.com/03/09/2018/olympus-af10-review/
0,218,1355,https://www.35mmc.com/11/06/2016/canon-sure-shot-af8-review/
0,219,437,https://www.35mmc.com/19/07/2018/rollei-prego-70-trouble-names-pedro-trevinos-ps-journal-3/
0,220,548,https://www.35mmc.com/23/01/2020/olympus-stylus-epic-zoom-80-review/
0,221,340,https://www.35mmc.com/21/04/2018/chinon-35-fs-ii-review/
0,222,586,https://www.35mmc.com/19/03/2021/canon-110ed-a-mini-review/
0,223,493,https://www.35mmc.com/09/12/2017/yashica-t4-zoom-review/
0,224,845,https://www.35mmc.com/28/03/2015/nikon-af3-review/
0,225,488,https://www.35mmc.com/03/08/2021/yashica-elite-70-review/
0,226,1750,https://www.35mmc.com/30/01/2016/nikon-l35af-review/
0,227,763,https://www.35mmc.com/11/03/2021/minox-110s-a-mini-review/
0,228,586,https://www.35mmc.com/19/03/2021/canon-110ed-a-mini-review/
0,229,437,https://www.35mmc.com/19/07/2018/rollei-prego-70-trouble-names-pedro-trevinos-ps-journal-3/
0,230,929,https://www.35mmc.com/18/03/2019/olympus-mju-ii-review/
0,231,962,https://www.35mmc.com/15/08/2022/ricoh-mirai-olympus-az-4-zoom-review-fraternal-twins-by-david-tellet/
0,232,1099,https://www.35mmc.com/03/08/2018/canon-af35m-making-review/
0,233,426,https://www.35mmc.com/25/09/2020/minolta-riva-zoom-110-review/
0,234,573,https://www.35mmc.com/07/08/2020/vivitar-tec-45-and-panasonic-c-600-review/
0,235,659,https://www.35mmc.com/22/12/2020/panasonic-c-3000zm-review/
0,236,1409,https://www.35mmc.com/23/02/2021/chinon-auto-2001-kodak-vr35-k14-review/
0,237,586,https://www.35mmc.com/19/03/2021/canon-110ed-a-mini-review/
0,238,897,https://www.35mmc.com/29/04/2019/canon-mc-review/
0,239,1080,https://www.35mmc.com/30/12/2014/pentax-espio-mini-uc-1/
0,240,426,https://www.35mmc.com/25/06/2021/ricoh-r10-first-rolls-mini-review-by-louis-boothman/
0,241,1613,https://www.35mmc.com/23/08/2015/olympus-mju-iii-wide-100-review/
0,242,758,https://www.35mmc.com/26/07/2022/konica-ee-matic-260-ilford-sportsman-c-reviving-two-instamatic-cameras-by-tobias-eriksson/
0,243,851,https://www.35mmc.com/28/07/2019/agfa-1035-ektachrome/
0,244,652,https://www.35mmc.com/02/09/2018/kodak-pro-image-100-review/
0,245,729,https://www.35mmc.com/19/01/2021/fuji-superia-400-single-roll-review-by-christian-schroeder/
0,246,823,https://www.35mmc.com/16/03/2021/olympus-35-ec-and-ec2-review/
0,247,756,https://www.35mmc.com/13/05/2016/ilford-hp5-vs-kodak-tri-x-aukje/
0,248,502,https://www.35mmc.com/12/08/2019/kodak-e100-forgetting-my-expectations-and-embracing-a-bit-of-failure/
0,249,886,https://www.35mmc.com/16/05/2016/olympus-pen-ee-2-review-2/
0,250,882,https://www.35mmc.com/22/02/2019/canon-demi-ee17/
0,251,823,https://www.35mmc.com/16/03/2021/olympus-35-ec-and-ec2-review/
0,252,474,https://www.35mmc.com/27/03/2016/olympus-xa2-review-love-camera/
0,253,866,https://www.35mmc.com/11/08/2018/kodak-p3200-happiness-found-lazy-hybrid-35mm-workflow-kodak-tmax-p3200-works-well/
0,254,1007,https://www.35mmc.com/03/08/2019/fujifilm-neopan-400-review/
0,255,610,https://www.35mmc.com/02/01/2020/on-finding-inspiration-dont-hold-your-breath-by-david-hume/
0,256,854,https://www.35mmc.com/17/03/2022/what-the-heck-is-chimping-by-cire-llissat/
0,257,930,https://www.35mmc.com/25/11/2017/rollei-35-cameras-review/
0,258,627,https://www.35mmc.com/11/01/2019/minox-35-gt-guest-review/
0,259,177,https://www.35mmc.com/22/05/2013/olympus-trip-35-through-the-viewfinder/
0,260,1851,https://www.35mmc.com/05/09/2015/petri-color-35-review/
0,261,1260,https://www.35mmc.com/12/07/2016/lomo-lc-a-alternatives/
0,262,1175,https://www.35mmc.com/28/01/2019/cosina-cx-2-review/
0,263,856,https://www.35mmc.com/20/04/2021/minolta-freedom-zoom-160-date-review/
0,264,934,https://www.35mmc.com/15/03/2014/canon-prima-super-120-review/
0,265,467,https://www.35mmc.com/31/10/2013/olympus-xa-classic/
0,266,264,https://www.35mmc.com/04/11/2021/olympus-pen-ee-3-shooting-film-in-barcelona-by-jordi-fradera/
0,267,596,https://www.35mmc.com/08/12/2020/yashica-rapide-half-frame-review/
0,268,562,https://www.35mmc.com/21/01/2019/cosmic-35-review-multiple-exposure-project/
0,269,994,https://www.35mmc.com/28/05/2017/kodak-retinette-1a-review/
0,270,1024,https://www.35mmc.com/31/10/2022/voigtlander-vito-iia-review-going-full-circle-by-tony-warren/
0,271,1082,https://www.35mmc.com/06/05/2016/olympus-xa4-review/
0,272,758,https://www.35mmc.com/26/07/2022/konica-ee-matic-260-ilford-sportsman-c-reviving-two-instamatic-cameras-by-tobias-eriksson/
0,273,2012,https://www.35mmc.com/12/02/2016/ricoh-r1-rollei-prego-micron/
0,274,648,https://www.35mmc.com/17/11/2016/canon-sure-shot-sleekprima-mini-ii-review/
0,275,365,https://www.35mmc.com/27/04/2021/konica-c35-ef-mini-review/
0,276,556,https://www.35mmc.com/08/05/2013/olympus-trip-35-review/
0,277,396,https://www.35mmc.com/01/10/2022/voigtlander-vito-cl-the-dad-cam-by-hans-gastafsson/
0,278,957,https://www.35mmc.com/13/12/2015/voigtlander-bessa-l-review/
0,279,1216,https://www.35mmc.com/17/12/2019/cameradactyl-brancopan/
0,280,425,https://www.35mmc.com/23/07/2018/modding-halina-anastigmat-f-3-5-45mm-tobias-eriksson/
0,281,358,https://www.35mmc.com/24/03/2021/yashica-j-and-j2-ninja-star-mini-review-back-to-the-80s-by-meifei-tang/
0,282,710,https://www.35mmc.com/12/06/2020/ricoh-griii-review/
0,283,487,https://www.35mmc.com/05/01/2023/news-luminar-100-35mm-color-film-released-by-popho-camera-company/
0,284,329,https://www.35mmc.com/24/02/2020/news-fp4party-a-party-to-celebrate-ilford-photo-fp4-plus-film-by-sandeep/
0,285,501,https://www.35mmc.com/02/05/2019/yashica-auto-focus-moto-review/
0,286,971,https://www.35mmc.com/05/11/2019/canon-model-7-my-camera/
0,287,855,https://www.35mmc.com/29/12/2019/panasonic-gm1-a-digital-ilc-alternative-to-the-olympus-xa2-by-charles-higham/
0,288,971,https://www.35mmc.com/30/08/2021/sony-a7iii-mini-review-finding-the-darkside/
0,289,751,https://www.35mmc.com/13/06/2018/ricoh-gr-digital-classic-review/
0,290,1254,https://www.35mmc.com/11/02/2019/leica-m240-review/
0,291,2508,https://www.35mmc.com/26/04/2016/fuji-x70-review-photographers-camera/
0,292,710,https://www.35mmc.com/12/06/2020/ricoh-griii-review/
0,293,1261,https://www.35mmc.com/04/03/2017/fuji-x-pro-stopped-worrying-buying-digital-leica/
0,294,4143,https://www.35mmc.com/22/08/2016/leica-m8-review/
0,295,873,https://www.35mmc.com/08/06/2021/leica-m10-d-essence-of-photography/
0,296,1074,https://www.35mmc.com/16/12/2017/leica-m2-overlooked-lesser-sibling-minimalist-gold-standard-talisman-classic-leicadom-wide-angle/
0,297,606,https://www.35mmc.com/08/10/2016/ricoh-ff9s-review/
0,298,667,https://www.35mmc.com/28/02/2019/olympus-az-1-zoom-review/
0,299,622,https://www.35mmc.com/03/12/2016/leica-m-d-or-not-to-m-d/
0,300,672,https://www.35mmc.com/23/05/2019/chinon-bellami-mini-review/
0,301,1258,https://www.35mmc.com/09/06/2018/leica-q-review/
0,302,1090,https://www.35mmc.com/01/07/2019/lomo-lc-a-a-one-roll-15-year-review/
0,303,501,https://www.35mmc.com/02/05/2019/yashica-auto-focus-moto-review/
0,304,751,https://www.35mmc.com/20/11/2016/minox-35gt-ilford-hp5-streets-berlin/
0,305,593,https://www.35mmc.com/11/08/2020/sprocket-rocket-2-0-review-a-day-at-the-fair-by-alex-vye/
0,306,974,https://www.35mmc.com/14/10/2021/pentax-iqzoom-928-review/
0,307,659,https://www.35mmc.com/22/12/2020/panasonic-c-3000zm-review/
0,308,680,https://www.35mmc.com/22/02/2020/yashica-t4-review-2-goodbye/
0,309,593,https://www.35mmc.com/07/12/2018/canon-sure-shot-max-review/
0,310,1171,https://www.35mmc.com/09/10/2020/olympus-mju-v-review/
0,311,803,https://www.35mmc.com/01/03/2021/canon-sure-shot-m-mini-review/
0,312,802,https://www.35mmc.com/02/02/2021/minox-35-gt-e-review-scale-focusing-a-pocket-camera-by-anton-yakovlev/
0,313,1262,https://www.35mmc.com/28/10/2022/olympus-trip-35-on-holiday-part-1-keeping-it-simple-in-new-zealand-by-david-hume/
0,314,1090,https://www.35mmc.com/01/07/2019/lomo-lc-a-a-one-roll-15-year-review/
0,315,1851,https://www.35mmc.com/05/09/2015/petri-color-35-review/
0,316,957,https://www.35mmc.com/13/12/2015/voigtlander-bessa-l-review/
0,317,449,https://www.35mmc.com/17/06/2017/smena-8m-review-sometimes-just-play/
0,318,800,https://www.35mmc.com/28/10/2017/canon-demi-c-half-review-tobias-eriksson/
0,319,810,https://www.35mmc.com/04/02/2016/first-rolls-leica-film-camera-part-2/
0,320,1855,https://www.35mmc.com/25/01/2019/nikon-50mm-returning-to-the-cheap-fifty-a-homecoming-by-max-cooper/
0,321,449,https://www.35mmc.com/17/06/2017/smena-8m-review-sometimes-just-play/
0,322,396,https://www.35mmc.com/01/10/2022/voigtlander-vito-cl-the-dad-cam-by-hans-gastafsson/
0,323,702,https://www.35mmc.com/26/11/2016/zeiss-ikon-taxona-review/
0,324,177,https://www.35mmc.com/22/05/2013/olympus-trip-35-through-the-viewfinder/
0,325,867,https://www.35mmc.com/12/11/2017/nikonos-iii-dry-land-review/
0,326,751,https://www.35mmc.com/20/11/2016/minox-35gt-ilford-hp5-streets-berlin/
0,327,1175,https://www.35mmc.com/28/01/2019/cosina-cx-2-review/
0,328,2257,https://www.35mmc.com/14/03/2015/rollei-35se-review-zone-focus-camera/
0,329,739,https://www.35mmc.com/06/05/2022/bessa-l-love-and-hate-in-berlin-by-mike-brookes/
0,330,647,https://www.35mmc.com/27/11/2020/agfa-optima-sensor-flash-review/
0,331,472,https://www.35mmc.com/19/05/2019/the-kit-before-the-horse-by-david-allen/
0,332,578,https://www.35mmc.com/10/02/2017/post-process-colour-images-shot-with-the-leica-m9-in-low-light/
0,333,516,https://www.35mmc.com/29/05/2017/disposable-cameras-reflections/
0,334,1410,https://www.35mmc.com/25/02/2018/leica-mystique-brand-vs-camera/
0,335,884,https://www.35mmc.com/26/03/2017/finding-perfect-classic-sonnar-part-3-comparing-not-oranges-oranges/
0,336,299,https://www.35mmc.com/16/12/2018/konica-z-up-150-vp-mini-review/
0,337,828,https://www.35mmc.com/12/11/2021/lensfayre-snap-lf35-m-a-sustainable-customisable-reusable-camera/
0,338,1613,https://www.35mmc.com/23/08/2015/olympus-mju-iii-wide-100-review/
0,339,1237,https://www.35mmc.com/22/02/2022/the-leica-for-a-year-project-by-patrick-medd/
0,340,1175,https://www.35mmc.com/28/01/2019/cosina-cx-2-review/
0,341,891,https://www.35mmc.com/23/04/2017/nikonos-v-underwater/
0,342,919,https://www.35mmc.com/14/12/2020/pentax-espio-170sl-review/
0,343,788,https://www.35mmc.com/11/06/2021/heresy-get-with-the-program-mode-by-bob-janes/
0,344,657,https://www.35mmc.com/28/03/2019/ricoh-gr10-review-diamond/
0,345,705,https://www.35mmc.com/09/08/2014/film-camera-tool-more/
0,346,1058,https://www.35mmc.com/18/07/2019/point-and-shoot-shootout-on-a-budget-by-dan-marinelli/
0,347,1314,https://www.35mmc.com/22/11/2016/lomo-lc-wide-review/
0,348,567,https://www.35mmc.com/07/07/2018/yashica-ninja-star-ii-af-j2-review/
0,349,426,https://www.35mmc.com/25/09/2020/minolta-riva-zoom-110-review/
0,350,459,https://www.35mmc.com/03/07/2016/pentax-espio-120-review/
0,351,912,https://www.35mmc.com/08/01/2015/olympus-af-10-super-review/
0,352,856,https://www.35mmc.com/20/04/2021/minolta-freedom-zoom-160-date-review/
0,353,843,https://www.35mmc.com/24/08/2020/monkeying-around-with-focal-length-and-perspective-by-sroyon-mukherjee/
0,354,921,https://www.35mmc.com/26/04/2015/canon-prima-bf-80-date-snappy-qt-date-review/
0,355,1080,https://www.35mmc.com/30/12/2014/pentax-espio-mini-uc-1/
0,356,1145,https://www.35mmc.com/17/05/2019/yashica-t3-super-d-review/
0,357,404,https://www.35mmc.com/26/02/2021/panorama-wide-pic-review/
0,358,977,https://www.35mmc.com/07/04/2015/leica-mini-one-roll-review/
0,359,570,https://www.35mmc.com/28/04/2018/canon-sure-shot-supreme-review/
0,360,1164,https://www.35mmc.com/05/08/2016/konica-genba-kantoku-28wb-review/
0,361,476,https://www.35mmc.com/28/08/2020/lomography-fisheye-2-review/
0,362,479,https://www.35mmc.com/30/03/2019/olympus-mju-ii-kodak-t-max-400-lessons-from-the-forgotten-ones-by-jon-yk-lee/
0,363,567,https://www.35mmc.com/07/07/2018/yashica-ninja-star-ii-af-j2-review/
0,364,333,https://www.35mmc.com/20/05/2016/halina-af700-review/
0,365,1099,https://www.35mmc.com/03/08/2018/canon-af35m-making-review/
0,366,1127,https://www.35mmc.com/16/06/2020/3-focal-lengths-in-the-danish-marshland-by-sroyon-mukherjee/
0,367,322,https://www.35mmc.com/04/08/2016/winner-m4-julian-peter/
0,368,273,https://www.35mmc.com/15/01/2016/first-roll-with-the-hasselblad-xpan-ii-45mm/
0,369,449,https://www.35mmc.com/22/04/2021/repairing-shooting-a-nikon-em-50mm-f-1-8-by-jordi-fradera/
0,370,706,https://www.35mmc.com/08/04/2020/images-from-the-last-normal-thursday-in-tokyo-with-meg-hewitt-steven-bleistein/
0,371,370,https://www.35mmc.com/10/04/2018/5-frames-lomography-minitar-art-lens-barnaby-nutt/
0,372,254,https://www.35mmc.com/17/02/2019/1960s-new-york-dads-slides-scanned-by-charles-higham/
0,373,338,https://www.35mmc.com/05/07/2015/holywell-bay-in-the-mist/
0,374,566,https://www.35mmc.com/24/07/2020/behind-the-scenes-at-the-east-lancashire-railway-by-phil-harrison/
0,375,838,https://www.35mmc.com/04/07/2020/the-season-of-our-discontent-by-mark-seawell/
0,376,1302,https://www.35mmc.com/18/02/2022/photographing-run-down-places-by-christian-schroeder/
0,377,637,https://www.35mmc.com/22/09/2021/the-pipes-man-and-me-by-merik/
0,378,584,https://www.35mmc.com/17/03/2021/not-at-home-with-my-rolleiflex-stefan-wilde/
0,379,739,https://www.35mmc.com/14/02/2021/ghosts-of-covid-a-photography-project-by-mike-beard/
0,380,1289,https://www.35mmc.com/25/07/2022/stereoscopic-singapore-making-of-a-3d-photography-project-by-sroyon/
0,381,706,https://www.35mmc.com/08/04/2020/images-from-the-last-normal-thursday-in-tokyo-with-meg-hewitt-steven-bleistein/
0,382,488,https://www.35mmc.com/26/02/2022/the-american-southwest-3-days-3-rolls-of-film-part-1-the-painted-desert-inn-by-john-pemberton/
0,383,2953,https://www.35mmc.com/03/03/2021/record-covers-the-chronicle-of-a-photo-shoot-for-bradford-with-4-cameras-by-fernando-martins/
0,384,638,https://www.35mmc.com/03/01/2021/tokyo-xpan-a-cinematic-view-of-japan-by-mike-amos/
0,385,1246,https://www.35mmc.com/05/10/2021/moscow-dayze-self-published-photo-book-to-life/
0,386,1846,https://www.35mmc.com/21/09/2020/nine-homemade-cameras-my-pinhole-journey-pt-1-by-sroyon-mukherjee/
0,387,312,https://www.35mmc.com/23/10/2022/lightning-in-bottles-5-camara-galletita-lumen-still-lifes-by-sonny-rosenberg/
0,388,619,https://www.35mmc.com/26/10/2020/shooting-diptychs-with-the-olympus-pen-ft-by-noel-roque/
0,389,753,https://www.35mmc.com/05/03/2022/3-days-3-rolls-of-film-in-the-american-southwest-pt-2-by-john-pemberton/
0,390,596,https://www.35mmc.com/21/04/2021/swimming-for-sam-documenting-louise-banks-by-harley-jaffar/
0,391,1487,https://www.35mmc.com/23/02/2015/leica-iiic-competition-entries-21-40/
0,392,1089,https://www.35mmc.com/09/06/2020/architectural-photography-with-a-50mm-lens-and-some-thoughts-on-minimalism-by-daniel-sigg/
0,393,712,https://www.35mmc.com/13/12/2021/i-am-lonely-said-spottie-the-spotmatic-by-andrew-morang/
0,394,634,https://www.35mmc.com/24/11/2022/mums-agfa-silette-and-kodak-gold-200-by-stuart-watchorn/
0,395,1170,https://www.35mmc.com/13/04/2022/documenting-beijings-modern-architecture-by-yuze-chen/
0,396,506,https://www.35mmc.com/28/10/2021/an-experiment-with-sprocket-hole-panoramas-by-joris-koolen/
0,397,814,https://www.35mmc.com/30/12/2022/shooting-infrared-with-a-rangefinder-camera-rollei-infrared-film-and-a-retina-iic-by-tony-warren/
0,398,437,https://www.35mmc.com/11/07/2019/my-first-ever-roll-of-film-and-my-love-for-light-by-joshua-nutz/
0,399,886,https://www.35mmc.com/31/05/2022/trespassing-with-a-hasselblad-h2-by-brian-cox/
0,400,836,https://www.35mmc.com/20/06/2021/new-in-town-the-making-of-a-photo-book-and-finding-inspiration-right-where-i-live-by-robert-guanci/
0,401,1418,https://www.35mmc.com/03/02/2022/glimpses-at-the-conservatory-a-photographic-project-by-john-pemberton/
0,402,207,https://www.35mmc.com/09/09/2013/breaking-my-xpro-cherry/
0,403,1241,https://www.35mmc.com/29/10/2021/blur-is-a-part-of-life-a-collaborative-project/
0,404,745,https://www.35mmc.com/05/10/2020/seascapes-and-stories-you-cant-see/
0,405,747,https://www.35mmc.com/28/09/2022/revisiting-glimpses-and-opening-a-door-by-john-pemberton/
0,406,427,https://www.35mmc.com/17/10/2021/a-cinematic-photographer-discovering-new-horizons-by-nicola-armento/
0,407,795,https://www.35mmc.com/18/05/2022/travel-broadens-the-mind-by-bob-janes/
0,408,439,https://www.35mmc.com/24/08/2022/anecdotes-from-the-analogue-world-ep-1-by-nandakumar/
0,409,2229,https://www.35mmc.com/31/03/2019/my-dark-side-night-photography-with-cinestill-800t-film-by-christian-schroeder/
0,410,225,https://www.35mmc.com/11/07/2015/cornwall-2015-the-last-day-the-lost-gardens-of-heligan/
0,411,356,https://www.35mmc.com/04/04/2021/single-frame-what-the-hell-did-i-do-by-gerard-exupery/
0,412,440,https://www.35mmc.com/04/11/2017/snapshots-commute/
0,413,526,https://www.35mmc.com/21/08/2021/shooting-film-on-the-trip-for-my-mothers-funeral-by-jim-mcconnell/
0,414,577,https://www.35mmc.com/22/09/2022/nikon-l35aw-af-lomography-babylon-when-it-all-goes-wrong-but-still-goes-places-by-marinka-stam/
0,415,257,https://www.35mmc.com/11/04/2021/meraki-photo-shoot-creativity-in-isolation-by-gavin-bain/
0,416,602,https://www.35mmc.com/14/06/2019/protest-photography-composing-and-shooting-hong-kongs-mass-protests-with-a-konica-hexar-rf-and-xpan/
0,417,863,https://www.35mmc.com/14/04/2021/my-approach-to-portrait-photography-on-film-by-ken-wagner/
0,418,655,https://www.35mmc.com/16/10/2016/shots-leica-m9/
0,419,1155,https://www.35mmc.com/01/06/2020/shooting-5x4-with-connie-reminding-myself-how-easy-large-format-photography-is/
0,420,525,https://www.35mmc.com/21/10/2020/zero-2000-pinhole-camera-camel/
0,421,230,https://www.35mmc.com/13/03/2016/first-colour-photos-ms-optics-converted-nikon-l35-35mm-f2-8-sonnar/
0,422,919,https://www.35mmc.com/06/05/2017/st-pauls-hostel-ilford-hp5-disposable-camera-project-an-introduction/
0,423,1289,https://www.35mmc.com/25/07/2022/stereoscopic-singapore-making-of-a-3d-photography-project-by-sroyon/
0,424,356,https://www.35mmc.com/04/04/2021/single-frame-what-the-hell-did-i-do-by-gerard-exupery/
0,425,208,https://www.35mmc.com/02/03/2015/first-roll-with-the-rollei-35se/
0,426,385,https://www.35mmc.com/07/04/2021/puzzlewood-with-a-ir-modified-sony-nex-5n-by-charles-higham/
0,427,1624,https://www.35mmc.com/01/03/2015/leica-iiic-competition-entries-121-140/
0,428,337,https://www.35mmc.com/10/08/2022/ceu-in-oslo-on-a-small-rangefinder-camera-by-hugo-vasconcelos/
0,429,575,https://www.35mmc.com/13/04/2020/exploring-worcesters-former-fire-station/
0,430,476,https://www.35mmc.com/18/02/2019/konica-hexar-rf-voigtlander-50mm-f-1-2-and-kodak-portra-800/
0,431,200,https://www.35mmc.com/05/08/2013/the-daughters-2nd-birthday-shot-with-a-mju-ii/
0,432,889,https://www.35mmc.com/27/07/2021/minolta-hi-matic-7s-and-a-sentimental-journey-discovering-true-optical-prints-by-shawn-granton/
0,433,512,https://www.35mmc.com/12/07/2018/photos-not-taken-frank-h-wu/
0,434,502,https://www.35mmc.com/12/08/2019/kodak-e100-forgetting-my-expectations-and-embracing-a-bit-of-failure/
0,435,732,https://www.35mmc.com/01/10/2020/overcoming-creative-block-tips/
0,436,608,https://www.35mmc.com/18/12/2022/an-experimental-collage-project-with-the-instax-mini-90-neo-classic-by-erin-oleary/
0,437,2121,https://www.35mmc.com/06/12/2020/three-mistake-ive-made-that-involved-photography-in-some-way/
0,438,454,https://www.35mmc.com/02/08/2020/its-all-done-with-mirrors-a-tale-of-a-telescope-street-photo-by-tom-ace/
0,439,351,https://www.35mmc.com/10/04/2021/making-a-book-of-memories-photographing-my-sons-birth-by-dwight-daly/
0,440,440,https://www.35mmc.com/04/11/2017/snapshots-commute/
0,441,655,https://www.35mmc.com/21/05/2016/vivitar-35es-review/
0,442,390,https://www.35mmc.com/10/11/2019/olympus-xa-digital-palate-cleansing/
0,443,422,https://www.35mmc.com/19/01/2015/canonet-ql17-giii-affordable-fine-reliable/
0,444,1276,https://www.35mmc.com/21/12/2018/canon-ql17-giii-review/
0,445,893,https://www.35mmc.com/03/05/2020/who-lost-their-shoe-by-chris-colten/
0,446,533,https://www.35mmc.com/03/12/2020/the-influence-of-film-on-film-preserve-by-lucinda-lewis/
0,447,468,https://www.35mmc.com/13/12/2020/camping-after-the-bobcat-fire-photographing-mt-pacifico-by-justin-aguirre/
0,448,196,https://www.35mmc.com/10/07/2016/stroud-brewery/
0,449,326,https://www.35mmc.com/29/11/2018/long-exposures-with-the-minolta-dynax-5-and-a-roll-of-kodak-colorplus-200-by-robert/
0,450,619,https://www.35mmc.com/04/06/2017/35mm-large-format-detroit/
0,451,551,https://www.35mmc.com/21/10/2020/lens-versus-pinhole-battle-of-the-isolettes-by-rock/
0,452,535,https://www.35mmc.com/12/03/2018/frames-hasselblad-xpan/
0,453,1487,https://www.35mmc.com/23/02/2015/leica-iiic-competition-entries-21-40/
0,454,212,https://www.35mmc.com/12/04/2018/5-frames-pentax-supera-aivaras/
0,455,206,https://www.35mmc.com/18/01/2018/5-frames-79-7artisans-50mm-f-1-1-barnaby-nutt/
0,456,395,https://www.35mmc.com/14/07/2020/5-frames-with-an-olympus-om-10-and-ilford-hp5-plus-by-sam-larson/
0,457,425,https://www.35mmc.com/01/08/2020/5-frames-with-halina-pocket-2000-auto-kameraset-by-jordi-fradera/
0,458,2023,https://www.35mmc.com/18/02/2018/80-days-without-development-describing-images-not-seen/
0,459,168,https://www.35mmc.com/28/07/2015/first-photos-gifs-konica-aiborg/
0,460,924,https://www.35mmc.com/18/03/2022/film-photography-with-a-drone-by-jason-de-freitas/
0,461,279,https://www.35mmc.com/09/07/2017/canon-prima-bf-90-agfa-vista-200/
0,462,406,https://www.35mmc.com/07/08/2021/bringing-textures-to-life-with-ilford-delta-3200-by-daniel-boklage/
0,463,356,https://www.35mmc.com/04/04/2021/single-frame-what-the-hell-did-i-do-by-gerard-exupery/
0,464,597,https://www.35mmc.com/01/03/2021/the-other-side-of-tokyo-japan-black-and-white-film-photography-project-by-kiichi-kitahara/
0,465,297,https://www.35mmc.com/26/01/2016/clee-hill-in-the-fog/
0,466,128,https://www.35mmc.com/17/05/2013/first-shots-from-the-fuji-klasse-w/
0,467,970,https://www.35mmc.com/08/11/2020/my-journey-to-infrared-photography-by-markus-hofstatter/
0,468,641,https://www.35mmc.com/13/06/2020/documenting-the-black-lives-matter-protests-some-thoughts-and-images-by-dan-shapiro/
0,469,1070,https://www.35mmc.com/31/05/2020/lockdown-lumen-pt-2-artists-around-the-world-printing-with-sunlight/
0,470,280,https://www.35mmc.com/03/10/2021/photos-from-the-circus-1956-by-jordi-fradera/
0,471,1241,https://www.35mmc.com/29/10/2021/blur-is-a-part-of-life-a-collaborative-project/
0,472,542,https://www.35mmc.com/17/10/2019/why-i-spend-my-free-time-being-a-lab-technician-for-a-friend-by-sina-farhat/
0,473,450,https://www.35mmc.com/13/10/2021/how-minimal-can-you-go-how-minimal-is-too-far-by-nik-stanbridge/
0,474,445,https://www.35mmc.com/23/03/2018/one-good-photo-everybody-frank-h-wu/
0,475,854,https://www.35mmc.com/17/03/2022/what-the-heck-is-chimping-by-cire-llissat/
0,476,511,https://www.35mmc.com/14/03/2018/forward-motion-road-saint-etienne-mike-monaghan/
0,477,749,https://www.35mmc.com/17/02/2021/talking-with-teachers-a-photography-and-zine-project-by-david-marshall/
0,478,1991,https://www.35mmc.com/02/05/2022/the-descent-of-a-film-photographer-part-1-from-colour-to-black-white-by-nandakumar/
0,479,928,https://www.35mmc.com/23/11/2021/ten-years-gone-the-ricoh-gxr-by-tim-bradshaw/
0,480,249,https://www.35mmc.com/04/08/2015/a-day-in-hospital-first-roll-with-the-olympus-mju-iii-wide-100/
0,481,909,https://www.35mmc.com/18/11/2022/fujichrome-64t-ii-slide-film-cross-processed-by-christian-schroeder/
0,482,378,https://www.35mmc.com/12/08/2022/the-nikon-f2-some-nikkors-and-a-roll-of-ektar-100-by-sam-westenskow/
0,483,448,https://www.35mmc.com/12/11/2020/naniwa-a-city-without-a-face-by-akiti-dezem/
0,484,836,https://www.35mmc.com/20/06/2021/new-in-town-the-making-of-a-photo-book-and-finding-inspiration-right-where-i-live-by-robert-guanci/
0,485,532,https://www.35mmc.com/05/08/2020/photographing-concerts-in-the-1970s-80s-by-dan-cuny/
0,486,786,https://www.35mmc.com/15/04/2018/beers-cameras-birmingham-03-18/
0,487,429,https://www.35mmc.com/31/10/2022/nons-kickstarter-launches-for-new-instax-mini-camera-sl645/
0,488,406,https://www.35mmc.com/07/08/2021/bringing-textures-to-life-with-ilford-delta-3200-by-daniel-boklage/
0,489,265,https://www.35mmc.com/16/01/2018/beers-cameras-birmingham-meet-march-24th-2018-bcbrum/
0,490,472,https://www.35mmc.com/12/02/2020/a-paxette-pinhole-conversion-and-a-walk-in-the-countryside-by-rock/
0,491,2229,https://www.35mmc.com/31/03/2019/my-dark-side-night-photography-with-cinestill-800t-film-by-christian-schroeder/
0,492,1456,https://www.35mmc.com/08/07/2017/leica-m6-street-photography-tokyofiles/
0,493,1238,https://www.35mmc.com/22/06/2020/fauxpan-just-another-diy-35mm-panorama-camera-by-freeman-lin/
0,494,755,https://www.35mmc.com/04/02/2022/intentionality-in-photography-a-group-project-from-the-photography-books-and-theory-group/
0,495,403,https://www.35mmc.com/24/10/2021/the-hyde-park-south-carriage-drive-manege-by-simon-king/
0,496,201,https://www.35mmc.com/17/05/2015/pre-wedding-shoot-on-a-farm/
0,497,530,https://www.35mmc.com/15/04/2021/shooting-praktica-mtl-5-b-found-in-a-mine-with-expired-tri-x-by-jordi-fradera/
0,498,338,https://www.35mmc.com/05/07/2015/holywell-bay-in-the-mist/
0,499,985,https://www.35mmc.com/28/12/2021/trying-concert-photography-on-film-by-billy-sanford/
0,500,1067,https://www.35mmc.com/20/06/2020/black-lives-matter-through-a-petzval-55mm-f1-7-mkii-lens-by-maxime-evangelista/
0,501,638,https://www.35mmc.com/03/01/2021/tokyo-xpan-a-cinematic-view-of-japan-by-mike-amos/
0,502,505,https://www.35mmc.com/15/09/2018/kodak-ektar-100-dark/
0,503,970,https://www.35mmc.com/08/11/2020/my-journey-to-infrared-photography-by-markus-hofstatter/
0,504,1510,https://www.35mmc.com/24/05/2020/lockdown-lumen-artists-around-the-world-printing-with-sunlight/
0,505,606,https://www.35mmc.com/01/07/2013/a-week-in-wales-part-1/
0,506,201,https://www.35mmc.com/17/05/2015/pre-wedding-shoot-on-a-farm/
0,507,378,https://www.35mmc.com/12/08/2022/the-nikon-f2-some-nikkors-and-a-roll-of-ektar-100-by-sam-westenskow/
0,508,341,https://www.35mmc.com/09/08/2020/a-day-out-with-the-nikkor-50mm-f-1-2-ais-and-nikon-d850-dslr-by-anil-mistry/
0,509,1298,https://www.35mmc.com/16/06/2020/hunting-dinosaurs-or-photographing-abandoned-factories-by-christian-schroeder/
0,510,199,https://www.35mmc.com/26/06/2016/kke-architects/
0,511,838,https://www.35mmc.com/04/07/2020/the-season-of-our-discontent-by-mark-seawell/
0,512,243,https://www.35mmc.com/03/10/2015/a-couple-of-rolls-with-the-leica-m5/
0,513,1518,https://www.35mmc.com/09/03/2014/three-nights-paris/
0,514,509,https://www.35mmc.com/14/03/2021/a-single-frame-its-interesting-because-its-old-by-gerard-exupery/
0,515,199,https://www.35mmc.com/26/06/2016/kke-architects/
0,516,577,https://www.35mmc.com/22/09/2022/nikon-l35aw-af-lomography-babylon-when-it-all-goes-wrong-but-still-goes-places-by-marinka-stam/
0,517,541,https://www.35mmc.com/02/02/2020/travelling-myanmar-solo-with-black-white-film-by-jelle-vonk/
0,518,289,https://www.35mmc.com/16/09/2015/first-roll-with-ziess-ikon-zm/
0,519,373,https://www.35mmc.com/28/11/2021/haystack-heroes-a-photographic-project-by-tommaso-carrara/
0,520,795,https://www.35mmc.com/18/05/2022/travel-broadens-the-mind-by-bob-janes/
0,521,1186,https://www.35mmc.com/06/05/2019/alex-lambrechts-on-inspiration-and-style-an-interview-by-hamish-gill/
0,522,450,https://www.35mmc.com/20/11/2021/1-street-48-hours-and-50-disposable-cameras-by-frankie-bina/
0,523,297,https://www.35mmc.com/26/01/2016/clee-hill-in-the-fog/
0,524,297,https://www.35mmc.com/26/01/2016/clee-hill-in-the-fog/
0,525,2023,https://www.35mmc.com/24/11/2020/nikkor-20mm-f-3-5/
0,526,301,https://www.35mmc.com/17/06/2020/fomapan-200-sildes/
0,527,651,https://www.35mmc.com/12/06/2021/200-miles-by-bike-in-california-12-photos-from-a-lomo-lca-120-by-eric-norris/
0,528,487,https://www.35mmc.com/04/01/2021/yasuhara-t981-nikon-50mm-f-2-my-impressionist-kit-by-aivaras/
0,529,657,https://www.35mmc.com/04/06/2021/this-music-video-was-made-entirely-out-of-cyanotypes-by-edd-carr/
0,530,423,https://www.35mmc.com/07/03/2021/roaming-in-south-east-england-with-a-50mm-lens-by-mark-harrison/
0,531,602,https://www.35mmc.com/14/06/2019/protest-photography-composing-and-shooting-hong-kongs-mass-protests-with-a-konica-hexar-rf-and-xpan/
0,532,536,https://www.35mmc.com/29/01/2022/ilford-xp1-explorations-with-28-year-old-film-by-bob-st-cyr/
0,533,543,https://www.35mmc.com/24/05/2020/zeiss-otus-55mm-and-85mm-lenses-on-35mm-emulsions-by-bent_brent/
0,534,586,https://www.35mmc.com/09/06/2021/jupiter-3-sourcing-my-perfect-soviet-lens-with-a-bit-of-help-from-skyllaney-by-sasha-tsyrlin/
0,535,597,https://www.35mmc.com/01/03/2021/the-other-side-of-tokyo-japan-black-and-white-film-photography-project-by-kiichi-kitahara/
0,536,616,https://www.35mmc.com/03/04/2020/leica-50mm-f-2-summicron-dr-plum-blossoms/
0,537,676,https://www.35mmc.com/01/04/2021/analogue-wonderland-wonderbox-subscription-a-5-frame-review-by-billy-sanford/
0,538,873,https://www.35mmc.com/09/03/2021/sigma-24mm-f-3-5-dg-dn-mini-review-by-jk-lockwood/
0,539,1001,https://www.35mmc.com/29/04/2020/delving-deeper-into-textured-double-exposure-by-benoit-felten/
0,540,370,https://www.35mmc.com/10/04/2018/5-frames-lomography-minitar-art-lens-barnaby-nutt/
0,541,1846,https://www.35mmc.com/21/09/2020/nine-homemade-cameras-my-pinhole-journey-pt-1-by-sroyon-mukherjee/
0,542,171,https://www.35mmc.com/11/04/2018/5-frames-contax-g1-carlos-albisu/
0,543,708,https://www.35mmc.com/15/11/2019/fuji-natura-1600-shooting-star-trails-and-at-night/
0,544,650,https://www.35mmc.com/03/07/2013/a-week-in-wales-part-2/
0,545,1280,https://www.35mmc.com/04/09/2021/chasing-a-hot-dog-with-a-leitz-minolta-cl-by-dan-castelli/
0,546,332,https://www.35mmc.com/05/12/2021/carbon-a-photographic-project-by-dan-zorg/
0,547,489,https://www.35mmc.com/01/12/2021/self-portrait-in-hotels-by-michiko-ohashi/
0,548,547,https://www.35mmc.com/24/02/2022/sabatier-effect-with-a-bw-negative-and-color-ra4-process-by-severine-chauveau/
0,549,370,https://www.35mmc.com/10/04/2018/5-frames-lomography-minitar-art-lens-barnaby-nutt/
0,550,607,https://www.35mmc.com/10/06/2022/grocery-store-development-part-3-fixing-film-with-pool-chemicals-and-fertilizer-by-josh-vickers/
0,551,355,https://www.35mmc.com/02/04/2021/parking-lot-hockey-on-ilford-hp5-by-simon-king/
0,552,479,https://www.35mmc.com/20/05/2021/making-dreamscapes-by-developing-film-at-30-degrees-by-tyrell-mcbride/
0,553,285,https://www.35mmc.com/18/06/2016/snaps-leica-m8-zeiss-28mm-zm-biogon/
0,554,254,https://www.35mmc.com/17/02/2019/1960s-new-york-dads-slides-scanned-by-charles-higham/
0,555,706,https://www.35mmc.com/08/04/2020/images-from-the-last-normal-thursday-in-tokyo-with-meg-hewitt-steven-bleistein/
0,556,476,https://www.35mmc.com/18/02/2019/konica-hexar-rf-voigtlander-50mm-f-1-2-and-kodak-portra-800/
0,557,530,https://www.35mmc.com/11/08/2013/modification-of-olympus-mju-ii-to-retain-flash-settings/
0,558,1282,https://www.35mmc.com/13/11/2020/shooting-darkroom-paper-in-camera-a-beginners-guide/
0,559,1529,https://www.35mmc.com/01/07/2017/making-sony-a7rii-work/
0,560,2218,https://www.35mmc.com/18/01/2021/3-ways-to-make-contact-sheets-and-what-they-can-tell-us-darkroom-technique-part-6-by-sroyon/
0,561,156,https://www.35mmc.com/28/01/2016/birthday-no-33/
0,562,404,https://www.35mmc.com/26/10/2022/low-light-photography-on-the-morning-of-vaikasi-visakam-with-ilford-pan-f-50-by-simon-king/
0,563,538,https://www.35mmc.com/21/12/2019/kodak-ektar-25-urban-rural-decay-in-the-texas-panhandle/
0,564,749,https://www.35mmc.com/17/02/2021/talking-with-teachers-a-photography-and-zine-project-by-david-marshall/
0,565,1363,https://www.35mmc.com/06/01/2023/tokyo-in-monochrome-part-1-by-john-paul-menez/
0,566,1126,https://www.35mmc.com/06/04/2022/the-black-white-threshold-photographing-scotlands-skye-and-assynt-by-jasper-t-kauth/
0,567,292,https://www.35mmc.com/22/08/2021/montoggio-a-chronicle-of-an-absence-by-salvatore-da-cha/
0,568,823,https://www.35mmc.com/16/09/2022/hasselblad-xpan-and-its-fabulous-30mm-f-5-6-lens-in-mississippi-by-andrew-morang/
0,569,1123,https://www.35mmc.com/15/06/2019/kodak-ektar-25-a-hasselblad-and-flooding-in-mississippi-by-andrew-morang/
0,570,2229,https://www.35mmc.com/31/03/2019/my-dark-side-night-photography-with-cinestill-800t-film-by-christian-schroeder/
0,571,364,https://www.35mmc.com/10/01/2015/low-light-fun-ilford-hp5-ei3200-ilfotec-dd-x/
0,572,427,https://www.35mmc.com/22/05/2022/new-individualism-the-evolution-of-a-photo-project-by-pablo-garcia/
0,573,269,https://www.35mmc.com/17/07/2013/ricoh-gr1s-shots-from-a-lost-weekend/
0,574,566,https://www.35mmc.com/24/07/2020/behind-the-scenes-at-the-east-lancashire-railway-by-phil-harrison/
0,575,697,https://www.35mmc.com/28/04/2021/inspired-photographing-inspiring-people-with-my-dream-lens-by-marcus-hofstatter/
0,576,1487,https://www.35mmc.com/23/02/2015/leica-iiic-competition-entries-21-40/
0,577,509,https://www.35mmc.com/04/01/2022/zenith-nature-drone-photography-by-michele-molinari/
0,578,1510,https://www.35mmc.com/24/05/2020/lockdown-lumen-artists-around-the-world-printing-with-sunlight/
0,579,637,https://www.35mmc.com/22/09/2021/the-pipes-man-and-me-by-merik/
0,580,380,https://www.35mmc.com/21/04/2020/zourkhane-a-traditional-sport-in-iran-by-marc-wick/
0,581,650,https://www.35mmc.com/03/07/2013/a-week-in-wales-part-2/
0,582,571,https://www.35mmc.com/22/05/2021/puppies-trees-and-san-francisco-in-times-of-covid-by-aj-oconnell/
0,583,346,https://www.35mmc.com/05/11/2016/mcrwlk-lomo-lc-wide-jch-streetpan-400/
0,584,809,https://www.35mmc.com/04/11/2020/the-remains-of-the-abandoned-microscopy-lab-shooting-expired-film-pt-2-by-ricardo-andrade/
0,585,346,https://www.35mmc.com/20/11/2020/photographing-little-things-on-film-by-jordi-fradera/
0,586,384,https://www.35mmc.com/13/02/2022/a-few-thoughts-on-how-analogue-photography-helped-me-settle-in-by-milosz-jeromin-cordes/
0,587,935,https://www.35mmc.com/23/08/2021/facades-of-kolkata-and-the-value-of-boring-projects-by-sroyon/
0,588,823,https://www.35mmc.com/16/09/2022/hasselblad-xpan-and-its-fabulous-30mm-f-5-6-lens-in-mississippi-by-andrew-morang/
0,589,1996,https://www.35mmc.com/23/09/2021/36-photos-of-filipa-and-how-i-found-my-way-to-portrait-photography-by-fernando-martins/
0,590,476,https://www.35mmc.com/12/11/2016/leica-m3-nikon-28ti-jurong-fishery-port/
0,591,1518,https://www.35mmc.com/09/03/2014/three-nights-paris/
0,592,403,https://www.35mmc.com/24/10/2021/the-hyde-park-south-carriage-drive-manege-by-simon-king/
0,593,613,https://www.35mmc.com/10/07/2018/kodak-hie-infrared-film-nikon-f-301/
0,594,235,https://www.35mmc.com/11/06/2015/ma-bakers/
0,595,273,https://www.35mmc.com/15/01/2016/first-roll-with-the-hasselblad-xpan-ii-45mm/
0,596,437,https://www.35mmc.com/11/07/2019/my-first-ever-roll-of-film-and-my-love-for-light-by-joshua-nutz/
0,597,838,https://www.35mmc.com/04/07/2020/the-season-of-our-discontent-by-mark-seawell/
0,598,1155,https://www.35mmc.com/01/06/2020/shooting-5x4-with-connie-reminding-myself-how-easy-large-format-photography-is/
0,599,1104,https://www.35mmc.com/22/06/2020/enjoying-some-pentax-slr-gear-acquisition-syndrome/
0,600,142,https://www.35mmc.com/17/07/2018/im-photographer-like-cameras-not-ok-video/
0,601,924,https://www.35mmc.com/16/07/2020/help-i-am-being-held-prisoner-in-a-lens-collection-by-jonathan-leavitt/
0,602,533,https://www.35mmc.com/10/01/2017/lure-uncomplicated-camera/
0,603,1272,https://www.35mmc.com/29/09/2022/for-quick-film-scans-try-an-olympus-c-8080wz-by-dave-powell/
0,604,1737,https://www.35mmc.com/04/10/2019/rangefinder-vs-slr-protest-photography/
0,605,466,https://www.35mmc.com/19/07/2021/cool-retro-cameras-the-nikon-z-fc-just-cool-or-something-more/
0,606,857,https://www.35mmc.com/10/02/2022/appreciating-what-you-already-have-with-nikon-fe-and-fuji-c200-by-jesper-reiche/
0,607,297,https://www.35mmc.com/20/07/2015/legoland-windsor-giving-ag-photo-lab-a-go/
0,608,297,https://www.35mmc.com/26/01/2016/clee-hill-in-the-fog/
0,609,282,https://www.35mmc.com/18/02/2015/first-shots-leitz-elmar-50mm-f3-5-leica-iiic/
0,610,691,https://www.35mmc.com/16/09/2019/extreme-gas-i-dont-need-a-new-camera-i-need-a-new-helicopter/
0,611,269,https://www.35mmc.com/17/07/2013/ricoh-gr1s-shots-from-a-lost-weekend/
0,612,507,https://www.35mmc.com/14/12/2019/leica-minilux-death-by-e02-5-frames-with-a-beautiful-brick-by-bill-thoo/
0,613,1130,https://www.35mmc.com/12/02/2021/the-many-interpretations-of-one-quote-photography-theory-and-practice/
0,614,971,https://www.35mmc.com/15/12/2013/my-failing-right-eye-an-old-watch-the-leica-m7-and-learning-how-to-frame-a-photo-again/
0,615,1079,https://www.35mmc.com/08/07/2021/seeking-control-through-simplifying-the-digital-experience-by-vic-mortelmans/
0,616,476,https://www.35mmc.com/28/08/2020/lomography-fisheye-2-review/
0,617,884,https://www.35mmc.com/26/03/2017/finding-perfect-classic-sonnar-part-3-comparing-not-oranges-oranges/
0,618,769,https://www.35mmc.com/15/07/2019/no-your-pentax-spotmatic-f-is-not-better-than-my-leica-m6-dont-be-like-frank/
0,619,1362,https://www.35mmc.com/02/08/2021/vintage-lenses-in-cinema-vs-photography-finding-that-secret-source/
0,620,377,https://www.35mmc.com/25/04/2020/carena-mini-zoom-115s-review-by-gandhi-cabanas/
0,621,912,https://www.35mmc.com/08/01/2015/olympus-af-10-super-review/
0,622,977,https://www.35mmc.com/07/04/2015/leica-mini-one-roll-review/
0,623,567,https://www.35mmc.com/18/01/2019/fuji-natura-black-review/
0,624,645,https://www.35mmc.com/15/03/2019/olympus-xa-shooting-a-roll-in-san-francisco-by-jacint/
0,625,740,https://www.35mmc.com/07/09/2020/rollei-prego-125-review/
0,626,657,https://www.35mmc.com/28/03/2019/ricoh-gr10-review-diamond/
0,627,975,https://www.35mmc.com/19/11/2021/fuji-discovery-875-zoom-plus-attention-kmart-shoppers-or-a-discount-department-store-photographic-history-by-shawn-granton/
0,628,922,https://www.35mmc.com/31/05/2019/minolta-hi-matic-7-review/
0,629,650,https://www.35mmc.com/20/06/2020/a-look-back-at-a-return-to-photography-and-discovering-shooting-legacy-lenses-by-rock/
0,630,1082,https://www.35mmc.com/06/05/2016/olympus-xa4-review/
0,631,1201,https://www.35mmc.com/15/05/2014/pentax-pc35af-review/
0,632,1313,https://www.35mmc.com/30/05/2022/how-many-cameras-to-take-on-holiday-by-sroyon/
0,633,412,https://www.35mmc.com/28/08/2020/fight-of-the-fifties-by-bent_brent/
0,634,490,https://www.35mmc.com/07/11/2019/why-are-you-carrying-the-camera-by-frank-h-wu/
0,635,478,https://www.35mmc.com/11/03/2018/leica-rangefinder-well-calibrated/
0,636,469,https://www.35mmc.com/15/08/2016/leica-m8-important-use-ccd-look-photos/
0,637,577,https://www.35mmc.com/16/12/2020/why-the-nikon-f6-died-and-what-the-prospects-of-a-replacement-are-by-nik-stanbridge/
0,638,1410,https://www.35mmc.com/25/02/2018/leica-mystique-brand-vs-camera/
0,639,412,https://www.35mmc.com/28/08/2020/fight-of-the-fifties-by-bent_brent/
0,640,449,https://www.35mmc.com/17/06/2017/smena-8m-review-sometimes-just-play/
0,641,215,https://www.35mmc.com/02/05/2018/5-frames-nikon-f3-eduardo-ribeiro/
0,642,646,https://www.35mmc.com/17/06/2021/rediscovering-the-slr-with-a-nikon-f-by-hern-tan/
0,643,404,https://www.35mmc.com/17/03/2016/experiences-35mm-ilford-sfx-guest-post-rob-mackillop/
0,644,971,https://www.35mmc.com/15/12/2013/my-failing-right-eye-an-old-watch-the-leica-m7-and-learning-how-to-frame-a-photo-again/
0,645,346,https://www.35mmc.com/20/11/2020/photographing-little-things-on-film-by-jordi-fradera/
0,646,891,https://www.35mmc.com/17/06/2022/the-game-called-iso-taking-advantage-of-the-ev-system-for-better-results-by-vlad-serebryany/
0,647,322,https://www.35mmc.com/28/06/2020/a-few-words-in-praise-of-humble-50mm-lens-by-andy-larner/
0,648,1313,https://www.35mmc.com/30/05/2022/how-many-cameras-to-take-on-holiday-by-sroyon/
0,649,646,https://www.35mmc.com/17/06/2021/rediscovering-the-slr-with-a-nikon-f-by-hern-tan/
0,650,560,https://www.35mmc.com/05/03/2020/beauty-of-basic-life-with-one-lens/
0,651,531,https://www.35mmc.com/22/01/2020/street-shootout-between-nikon-35mm-camera-lens-combos-yields-surprising-results-by-isaac-d-pacheco/
0,652,606,https://www.35mmc.com/11/05/2016/finding-value-home-scanning/
0,653,433,https://www.35mmc.com/03/06/2020/5-frames-reflecting-on-layering-with-a-35mm-lens-by-simon-king/
0,654,437,https://www.35mmc.com/09/02/2018/not-camera-frank-h-wu/
0,655,1216,https://www.35mmc.com/19/03/2018/shooting-film-assignment-can-compete-digital-simon-king/
0,656,938,https://www.35mmc.com/04/02/2019/reminder-about-the-importance-of-practice-vs-upgrading-your-camera/
0,657,1217,https://www.35mmc.com/15/04/2019/shooting-leica-rangefinder-cameras-with-3rd-party-lenses-is-not-a-crime/
0,658,739,https://www.35mmc.com/24/12/2019/a-fuji-x100-and-solution-that-isnt-a-solution-to-my-photography-grump/
0,659,814,https://www.35mmc.com/30/12/2022/shooting-infrared-with-a-rangefinder-camera-rollei-infrared-film-and-a-retina-iic-by-tony-warren/
0,660,1089,https://www.35mmc.com/09/06/2020/architectural-photography-with-a-50mm-lens-and-some-thoughts-on-minimalism-by-daniel-sigg/
0,661,303,https://www.35mmc.com/19/11/2019/video-chatting-to-ashley-carr-in-stourport-part-2/
0,662,1079,https://www.35mmc.com/08/07/2021/seeking-control-through-simplifying-the-digital-experience-by-vic-mortelmans/
0,663,2257,https://www.35mmc.com/14/03/2015/rollei-35se-review-zone-focus-camera/
0,664,908,https://www.35mmc.com/17/02/2022/learning-to-lean-into-lifes-unknowns-by-brian-cox/
0,665,1086,https://www.35mmc.com/30/07/2021/3-canon-compacts-compared-supreme-doesnt-mean-best-by-david-hume/
0,666,764,https://www.35mmc.com/05/11/2021/photographer-or-photographic-artist-by-billy-sanford/
0,667,553,https://www.35mmc.com/01/02/2020/doing-my-thing-with-a-fuji-or-two-by-thorsten-wulff/
0,668,507,https://www.35mmc.com/19/02/2021/endangered-hawaii-wild-waikiki-by-susan-polanco-de-couet-and-h-gert-de-couet/
0,669,594,https://www.35mmc.com/18/07/2020/the-yashica-124g-and-how-it-helped-me-get-married-by-sacha-cloutier/
0,670,173,https://www.35mmc.com/30/10/2014/hartlebury-train-carriages-cinestill-800t-50mm-summicron/
0,671,277,https://www.35mmc.com/25/03/2016/abusing-leica-m8-low-light/
0,672,685,https://www.35mmc.com/14/02/2015/karmera-act-giving-away-gear/
0,673,1362,https://www.35mmc.com/02/08/2021/vintage-lenses-in-cinema-vs-photography-finding-that-secret-source/
0,674,1026,https://www.35mmc.com/15/05/2022/1-sunset-2-mediums-4-cameras-by-charlie-bierwirth/
0,675,620,https://www.35mmc.com/22/07/2021/returning-to-film-with-a-canon-a-nikon-and-a-touch-of-gas-by-simon-rikowski/
0,676,788,https://www.35mmc.com/11/06/2021/heresy-get-with-the-program-mode-by-bob-janes/
0,677,1217,https://www.35mmc.com/15/04/2019/shooting-leica-rangefinder-cameras-with-3rd-party-lenses-is-not-a-crime/
0,678,1127,https://www.35mmc.com/16/06/2020/3-focal-lengths-in-the-danish-marshland-by-sroyon-mukherjee/
0,679,478,https://www.35mmc.com/11/03/2018/leica-rangefinder-well-calibrated/
0,680,265,https://www.35mmc.com/01/01/2016/the-gas-horseshoe/
0,681,466,https://www.35mmc.com/19/07/2021/cool-retro-cameras-the-nikon-z-fc-just-cool-or-something-more/
0,682,982,https://www.35mmc.com/18/05/2020/lomography-metropolis-film-and-the-minolta-riva-panorama/
0,683,1072,https://www.35mmc.com/03/06/2021/my-journey-shooting-85-analog-cameras-and-writing-a-book-about-it-by-christof-bircher/
0,684,773,https://www.35mmc.com/22/01/2016/first-roll-leica-film-camera-guest-post-aukje/
0,685,590,https://www.35mmc.com/14/02/2016/leica-m8-infrared-cut-filter-comparison/
0,686,650,https://www.35mmc.com/01/08/2018/travel-without-camera-elben-shira/
0,687,190,https://www.35mmc.com/07/05/2015/election-day-2015-worcester-labour-party/
0,688,1278,https://www.35mmc.com/28/12/2020/photography-theory-and-practice-a-collaborative-project/
0,689,378,https://www.35mmc.com/12/08/2022/the-nikon-f2-some-nikkors-and-a-roll-of-ektar-100-by-sam-westenskow/
0,690,142,https://www.35mmc.com/17/07/2018/im-photographer-like-cameras-not-ok-video/
0,691,474,https://www.35mmc.com/03/09/2020/analog-iran-a-project-shooting-bw-film-documenting-iran-by-ali-mc/
0,692,812,https://www.35mmc.com/24/09/2022/some-rolling-shutter-fun-from-a-moving-bus-by-dave-powell/
0,693,697,https://www.35mmc.com/28/04/2021/inspired-photographing-inspiring-people-with-my-dream-lens-by-marcus-hofstatter/
0,694,196,https://www.35mmc.com/10/04/2015/first-roll-with-the-leica-m-a-and-502-5-summarit-m/
0,695,575,https://www.35mmc.com/13/04/2020/exploring-worcesters-former-fire-station/
0,696,352,https://www.35mmc.com/05/02/2019/an-experience-thrift-hunting-in-my-hometown-by-gavin-bain/
0,697,476,https://www.35mmc.com/16/09/2018/sharpness-creative-goal-still-not-prerequisite-good-photo-im-enjoying-makina-67/
0,698,265,https://www.35mmc.com/01/01/2016/the-gas-horseshoe/
0,699,795,https://www.35mmc.com/12/03/2016/the-yellow-filter-and-why-i-love-this-community-guest-post-by-aukje/
0,700,577,https://www.35mmc.com/16/12/2020/why-the-nikon-f6-died-and-what-the-prospects-of-a-replacement-are-by-nik-stanbridge/
0,701,985,https://www.35mmc.com/28/12/2021/trying-concert-photography-on-film-by-billy-sanford/
0,702,1487,https://www.35mmc.com/23/02/2015/leica-iiic-competition-entries-21-40/
0,703,490,https://www.35mmc.com/07/11/2019/why-are-you-carrying-the-camera-by-frank-h-wu/
0,704,1001,https://www.35mmc.com/29/04/2020/delving-deeper-into-textured-double-exposure-by-benoit-felten/
0,705,916,https://www.35mmc.com/19/03/2020/enjoying-and-learning-in-the-darkroom-by-michael-scott/
0,706,1241,https://www.35mmc.com/29/10/2021/blur-is-a-part-of-life-a-collaborative-project/
0,707,650,https://www.35mmc.com/01/08/2018/travel-without-camera-elben-shira/
0,708,646,https://www.35mmc.com/17/06/2021/rediscovering-the-slr-with-a-nikon-f-by-hern-tan/
0,709,185,https://www.35mmc.com/15/05/2013/a-selection-of-yashica-t5-shots/
0,710,814,https://www.35mmc.com/30/12/2022/shooting-infrared-with-a-rangefinder-camera-rollei-infrared-film-and-a-retina-iic-by-tony-warren/
0,711,951,https://www.35mmc.com/24/08/2020/film-photography-a-realisation-that-cheap-thrills-can-still-be-had/
0,712,788,https://www.35mmc.com/11/06/2021/heresy-get-with-the-program-mode-by-bob-janes/
0,713,620,https://www.35mmc.com/22/07/2021/returning-to-film-with-a-canon-a-nikon-and-a-touch-of-gas-by-simon-rikowski/
0,714,720,https://www.35mmc.com/30/12/2017/discovering-film-photography-digital-age/
0,715,1111,https://www.35mmc.com/15/12/2022/storytelling-with-three-lenses-or-fewer-a-rangefinder-workflow-by-simon-king/
0,716,1237,https://www.35mmc.com/22/02/2022/the-leica-for-a-year-project-by-patrick-medd/
0,717,448,https://www.35mmc.com/12/11/2020/naniwa-a-city-without-a-face-by-akiti-dezem/
0,718,1554,https://www.35mmc.com/11/11/2021/photographic-diary-road-trip-without-an-end-by-zachary-gastin/
0,719,198,https://www.35mmc.com/05/06/2015/xp2-contax-t3/
0,720,427,https://www.35mmc.com/17/10/2021/a-cinematic-photographer-discovering-new-horizons-by-nicola-armento/
0,721,490,https://www.35mmc.com/07/11/2019/why-are-you-carrying-the-camera-by-frank-h-wu/
0,722,1596,https://www.35mmc.com/01/07/2021/condensing-time-by-christian-schroeder/
0,723,809,https://www.35mmc.com/04/08/2021/more-portraits-please-making-opportunities-to-photograph-people-by-peggy-marsh/
0,724,289,https://www.35mmc.com/08/08/2019/my-reason-for-visit-stage-3b-cancer-by-nicolas-hagen/
0,725,440,https://www.35mmc.com/06/04/2018/reflecting-analogue-memories/
0,726,619,https://www.35mmc.com/17/01/2021/northern-sustainable-darkroom-helping-analogue-go-green-by-edd-carr/
0,727,585,https://www.35mmc.com/15/01/2020/up-close-and-personal-with-the-ricoh-gr1s-and-kodak-t-max-p3200-at-ei12800-by-steven-bleistein/
0,728,384,https://www.35mmc.com/13/02/2022/a-few-thoughts-on-how-analogue-photography-helped-me-settle-in-by-milosz-jeromin-cordes/
0,729,507,https://www.35mmc.com/19/02/2021/endangered-hawaii-wild-waikiki-by-susan-polanco-de-couet-and-h-gert-de-couet/
0,730,433,https://www.35mmc.com/28/10/2020/pf-micro-110-high-tech-110-camera-and-some-fresh-film-by-jordi-fradera/
0,731,631,https://www.35mmc.com/29/03/2019/nikon-l35af-a-mini-review-by-giacomo-zema/
0,732,493,https://www.35mmc.com/09/12/2017/yashica-t4-zoom-review/
0,733,1750,https://www.35mmc.com/30/01/2016/nikon-l35af-review/
0,734,672,https://www.35mmc.com/23/05/2019/chinon-bellami-mini-review/
0,735,935,https://www.35mmc.com/04/06/2016/samsung-af-slim-review/
0,736,1519,https://www.35mmc.com/13/10/2022/alfie-tych-preview-an-eccentric-camera-that-fits-in-the-palm-of-your-hand/
0,737,423,https://www.35mmc.com/07/05/2021/canon-sure-shot-z90w-review/
0,738,570,https://www.35mmc.com/28/04/2018/canon-sure-shot-supreme-review/
0,739,437,https://www.35mmc.com/29/04/2017/yashica-t3-review/
0,740,1135,https://www.35mmc.com/21/06/2016/samsung-ecx1-review/
0,741,856,https://www.35mmc.com/12/05/2018/fuji-natura-s-review/
0,742,828,https://www.35mmc.com/12/11/2021/lensfayre-snap-lf35-m-a-sustainable-customisable-reusable-camera/
0,743,962,https://www.35mmc.com/15/08/2022/ricoh-mirai-olympus-az-4-zoom-review-fraternal-twins-by-david-tellet/
0,744,404,https://www.35mmc.com/26/02/2021/panorama-wide-pic-review/
0,745,527,https://www.35mmc.com/14/04/2020/nikon-lite-touch-zoom-120ed-5-frames-review-by-robert/
0,746,616,https://www.35mmc.com/13/09/2018/minolta-af-35r-qd-review/
0,747,468,https://www.35mmc.com/23/06/2020/olympus-stylus-epic-zoom-115-review/
0,748,935,https://www.35mmc.com/04/06/2016/samsung-af-slim-review/
0,749,635,https://www.35mmc.com/07/07/2016/olympus-xa-review-mighty-micro-machine/
0,750,572,https://www.35mmc.com/11/11/2018/rollei-prego-af-review/
0,751,1832,https://www.35mmc.com/30/08/2019/yashica-t4-review/
0,752,539,https://www.35mmc.com/03/09/2017/canon-sureshot-multi-tele/
0,753,1164,https://www.35mmc.com/05/08/2016/konica-genba-kantoku-28wb-review/
0,754,606,https://www.35mmc.com/08/10/2016/ricoh-ff9s-review/
0,755,2021,https://www.35mmc.com/21/02/2020/canon-sure-shot-zoom-xl-review/
0,756,1750,https://www.35mmc.com/30/01/2016/nikon-l35af-review/
0,757,1164,https://www.35mmc.com/05/08/2016/konica-genba-kantoku-28wb-review/
0,758,919,https://www.35mmc.com/14/12/2020/pentax-espio-170sl-review/
0,759,643,https://www.35mmc.com/23/09/2016/nikon-310-zoom-review/
0,760,672,https://www.35mmc.com/23/05/2019/chinon-bellami-mini-review/
0,761,507,https://www.35mmc.com/14/12/2019/leica-minilux-death-by-e02-5-frames-with-a-beautiful-brick-by-bill-thoo/
0,762,912,https://www.35mmc.com/08/01/2015/olympus-af-10-super-review/
0,763,624,https://www.35mmc.com/08/06/2016/samsung-vega-140s-review/
0,764,326,https://www.35mmc.com/31/03/2021/halina-160-review/
0,765,1519,https://www.35mmc.com/13/10/2022/alfie-tych-preview-an-eccentric-camera-that-fits-in-the-palm-of-your-hand/
0,766,588,https://www.35mmc.com/03/05/2022/olympus-is-300-bridge-camera-mini-review/
0,767,1164,https://www.35mmc.com/05/08/2016/konica-genba-kantoku-28wb-review/
0,768,1811,https://www.35mmc.com/07/08/2015/konica-aiborg-review/
0,769,578,https://www.35mmc.com/14/01/2014/fuji-zoom-date-2-8-silvi-review/
0,770,340,https://www.35mmc.com/21/04/2018/chinon-35-fs-ii-review/
0,771,672,https://www.35mmc.com/23/05/2019/chinon-bellami-mini-review/
0,772,659,https://www.35mmc.com/22/12/2020/panasonic-c-3000zm-review/
0,773,929,https://www.35mmc.com/18/03/2019/olympus-mju-ii-review/
0,774,631,https://www.35mmc.com/29/03/2019/nikon-l35af-a-mini-review-by-giacomo-zema/
0,775,382,https://www.35mmc.com/03/09/2018/olympus-af10-review/
0,776,593,https://www.35mmc.com/07/12/2018/canon-sure-shot-max-review/
0,777,518,https://www.35mmc.com/23/06/2018/pentax-zoom-105-super-review/
0,778,701,https://www.35mmc.com/18/03/2017/ricoh-shotmaster-tru-zoom/
0,779,340,https://www.35mmc.com/21/04/2018/chinon-35-fs-ii-review/
0,780,982,https://www.35mmc.com/18/05/2020/lomography-metropolis-film-and-the-minolta-riva-panorama/
0,781,897,https://www.35mmc.com/29/04/2019/canon-mc-review/
0,782,433,https://www.35mmc.com/28/10/2020/pf-micro-110-high-tech-110-camera-and-some-fresh-film-by-jordi-fradera/
0,783,493,https://www.35mmc.com/09/12/2017/yashica-t4-zoom-review/
0,784,507,https://www.35mmc.com/14/12/2019/leica-minilux-death-by-e02-5-frames-with-a-beautiful-brick-by-bill-thoo/
0,785,586,https://www.35mmc.com/19/03/2021/canon-110ed-a-mini-review/
0,786,721,https://www.35mmc.com/03/09/2021/texet-tx-500-review-fake-autoexposure-compact-by-rock/
0,787,593,https://www.35mmc.com/11/08/2020/sprocket-rocket-2-0-review-a-day-at-the-fair-by-alex-vye/
0,788,975,https://www.35mmc.com/19/11/2021/fuji-discovery-875-zoom-plus-attention-kmart-shoppers-or-a-discount-department-store-photographic-history-by-shawn-granton/
0,789,900,https://www.35mmc.com/06/12/2015/minolta-explorer-zoom-riva-zoom-70w-review/
0,790,616,https://www.35mmc.com/13/09/2018/minolta-af-35r-qd-review/
0,791,1345,https://www.35mmc.com/25/09/2017/olympus-l-10-panorama-review-guest-post-by-emulsive/
0,792,635,https://www.35mmc.com/07/07/2016/olympus-xa-review-mighty-micro-machine/
0,793,1213,https://www.35mmc.com/17/03/2019/ricoh-rz-105-zoom-date-review/
0,794,1208,https://www.35mmc.com/13/07/2015/fuji-dl-500-review/
0,795,1832,https://www.35mmc.com/30/08/2019/yashica-t4-review/
0,796,624,https://www.35mmc.com/08/06/2016/samsung-vega-140s-review/
0,797,734,https://www.35mmc.com/19/07/2022/olympus-xa-and-the-nobel-laureate-who-used-to-own-it-by-eric-huynh/
0,798,514,https://www.35mmc.com/28/03/2022/chinon-belami-af-review/
0,799,740,https://www.35mmc.com/07/09/2020/rollei-prego-125-review/
0,800,519,https://www.35mmc.com/15/01/2021/ricoh-shotmaster-ultra-zoom-super-review/
0,801,447,https://www.35mmc.com/07/03/2019/canon-sureshot-or-autoboy-af35m-ii-review/
0,802,720,https://www.35mmc.com/04/09/2020/olympus-quick-shooter-zoom-review/
0,803,572,https://www.35mmc.com/11/11/2018/rollei-prego-af-review/
0,804,593,https://www.35mmc.com/07/12/2018/canon-sure-shot-max-review/
0,805,377,https://www.35mmc.com/25/04/2020/carena-mini-zoom-115s-review-by-gandhi-cabanas/
0,806,390,https://www.35mmc.com/10/11/2019/olympus-xa-digital-palate-cleansing/
0,807,1242,https://www.35mmc.com/20/01/2016/canon-af35ml-review/
0,808,543,https://www.35mmc.com/09/06/2013/nikon-lite-touch-af600-review/
0,809,447,https://www.35mmc.com/07/03/2019/canon-sureshot-or-autoboy-af35m-ii-review/
0,810,588,https://www.35mmc.com/03/05/2022/olympus-is-300-bridge-camera-mini-review/
0,811,1534,https://www.35mmc.com/21/10/2015/minolta-hi-matic-af2-review/
0,812,1260,https://www.35mmc.com/12/07/2016/lomo-lc-a-alternatives/
0,813,567,https://www.35mmc.com/18/01/2019/fuji-natura-black-review/
0,814,721,https://www.35mmc.com/03/09/2021/texet-tx-500-review-fake-autoexposure-compact-by-rock/
0,815,523,https://www.35mmc.com/07/12/2020/canon-sure-shot-ex-review/
0,816,1072,https://www.35mmc.com/05/03/2016/ricoh-ff-8wr-review/
0,817,1260,https://www.35mmc.com/12/07/2016/lomo-lc-a-alternatives/
0,818,974,https://www.35mmc.com/14/10/2021/pentax-iqzoom-928-review/
0,819,1534,https://www.35mmc.com/21/10/2015/minolta-hi-matic-af2-review/
0,820,476,https://www.35mmc.com/28/08/2020/lomography-fisheye-2-review/
0,821,659,https://www.35mmc.com/22/12/2020/panasonic-c-3000zm-review/
0,822,935,https://www.35mmc.com/04/06/2016/samsung-af-slim-review/
0,823,539,https://www.35mmc.com/03/09/2017/canon-sureshot-multi-tele/
0,824,855,https://www.35mmc.com/29/12/2019/panasonic-gm1-a-digital-ilc-alternative-to-the-olympus-xa2-by-charles-higham/
0,825,479,https://www.35mmc.com/30/03/2019/olympus-mju-ii-kodak-t-max-400-lessons-from-the-forgotten-ones-by-jon-yk-lee/
0,826,845,https://www.35mmc.com/29/10/2016/two-trips-olympus-trip-35/
0,827,2021,https://www.35mmc.com/21/02/2020/canon-sure-shot-zoom-xl-review/
0,828,929,https://www.35mmc.com/18/03/2019/olympus-mju-ii-review/
0,829,573,https://www.35mmc.com/07/08/2020/vivitar-tec-45-and-panasonic-c-600-review/
0,830,921,https://www.35mmc.com/26/04/2015/canon-prima-bf-80-date-snappy-qt-date-review/
0,831,900,https://www.35mmc.com/06/12/2015/minolta-explorer-zoom-riva-zoom-70w-review/
0,832,1129,https://www.35mmc.com/09/12/2020/olympus-xa-and-fujicolor-pro-400h-a-favorite-camera-film-combo-by-phil-calvit/
0,833,437,https://www.35mmc.com/29/04/2017/yashica-t3-review/
0,834,946,https://www.35mmc.com/01/10/2021/kodak-ke60-easy-load-35-review-concealed-greatness-among-the-compact-craze-thang-nguyen/
0,835,450,https://www.35mmc.com/08/03/2015/minolta-af101r-review/
0,836,974,https://www.35mmc.com/14/10/2021/pentax-iqzoom-928-review/
0,837,2012,https://www.35mmc.com/12/02/2016/ricoh-r1-rollei-prego-micron/
0,838,326,https://www.35mmc.com/31/03/2021/halina-160-review/
0,839,784,https://www.35mmc.com/13/05/2022/canon-epoca-a-review-by-phil-harrison/
0,840,507,https://www.35mmc.com/14/12/2019/leica-minilux-death-by-e02-5-frames-with-a-beautiful-brick-by-bill-thoo/
0,841,1260,https://www.35mmc.com/12/07/2016/lomo-lc-a-alternatives/
0,842,974,https://www.35mmc.com/14/10/2021/pentax-iqzoom-928-review/
0,843,1080,https://www.35mmc.com/30/12/2014/pentax-espio-mini-uc-1/
0,844,803,https://www.35mmc.com/01/03/2021/canon-sure-shot-m-mini-review/
0,845,593,https://www.35mmc.com/07/12/2018/canon-sure-shot-max-review/
0,846,2012,https://www.35mmc.com/12/02/2016/ricoh-r1-rollei-prego-micron/
0,847,281,https://www.35mmc.com/08/03/2014/how-recode-edit-dx-barcode-35mm-canisters/
0,848,347,https://www.35mmc.com/20/03/2019/ricoh-shotmaster-zoom-super-date-review/
0,849,635,https://www.35mmc.com/07/07/2016/olympus-xa-review-mighty-micro-machine/
0,850,1314,https://www.35mmc.com/22/11/2016/lomo-lc-wide-review/
0,851,488,https://www.35mmc.com/03/08/2021/yashica-elite-70-review/
0,852,426,https://www.35mmc.com/25/09/2020/minolta-riva-zoom-110-review/
0,853,961,https://www.35mmc.com/05/06/2013/yashica-t5-review/
0,854,855,https://www.35mmc.com/29/12/2019/panasonic-gm1-a-digital-ilc-alternative-to-the-olympus-xa2-by-charles-higham/
0,855,570,https://www.35mmc.com/28/04/2018/canon-sure-shot-supreme-review/
0,856,631,https://www.35mmc.com/29/03/2019/nikon-l35af-a-mini-review-by-giacomo-zema/
0,857,929,https://www.35mmc.com/18/03/2019/olympus-mju-ii-review/
0,858,796,https://www.35mmc.com/11/09/2020/canon-top-twin-mc-review/
0,859,961,https://www.35mmc.com/05/06/2013/yashica-t5-review/
0,860,845,https://www.35mmc.com/28/03/2015/nikon-af3-review/
0,861,911,https://www.35mmc.com/11/04/2016/minolta-afz-review/
0,862,1242,https://www.35mmc.com/20/01/2016/canon-af35ml-review/
0,863,467,https://www.35mmc.com/31/10/2013/olympus-xa-classic/
0,864,974,https://www.35mmc.com/14/10/2021/pentax-iqzoom-928-review/
0,865,624,https://www.35mmc.com/08/06/2016/samsung-vega-140s-review/
0,866,552,https://www.35mmc.com/08/05/2019/national-panasonic-c-500af-review/
0,867,447,https://www.35mmc.com/07/03/2019/canon-sureshot-or-autoboy-af35m-ii-review/
0,868,1409,https://www.35mmc.com/23/02/2021/chinon-auto-2001-kodak-vr35-k14-review/
0,869,929,https://www.35mmc.com/18/03/2019/olympus-mju-ii-review/
0,870,605,https://www.35mmc.com/09/10/2018/konica-z-up-100w-review/
0,871,370,https://www.35mmc.com/18/09/2020/vivitar-pz3815db-review/
0,872,573,https://www.35mmc.com/07/08/2020/vivitar-tec-45-and-panasonic-c-600-review/
0,873,472,https://www.35mmc.com/27/06/2018/olympus-mju-ii-zoom-80-panorama-review/
0,874,935,https://www.35mmc.com/04/06/2016/samsung-af-slim-review/
0,875,507,https://www.35mmc.com/14/12/2019/leica-minilux-death-by-e02-5-frames-with-a-beautiful-brick-by-bill-thoo/
0,876,570,https://www.35mmc.com/28/04/2018/canon-sure-shot-supreme-review/
0,877,581,https://www.35mmc.com/25/06/2016/halina-af810-review/
0,878,593,https://www.35mmc.com/11/08/2020/sprocket-rocket-2-0-review-a-day-at-the-fair-by-alex-vye/
0,879,514,https://www.35mmc.com/28/03/2022/chinon-belami-af-review/
0,880,834,https://www.35mmc.com/24/09/2016/canon-sprint-review-af35j-jet/
0,881,647,https://www.35mmc.com/01/03/2016/modifying-shooting-vivitar-ultra-wide-and-slim/
0,882,476,https://www.35mmc.com/28/08/2020/lomography-fisheye-2-review/
0,883,333,https://www.35mmc.com/20/05/2016/halina-af700-review/
0,884,672,https://www.35mmc.com/05/05/2020/olympus-mju-ii-review-john-hanson/
0,885,519,https://www.35mmc.com/15/01/2021/ricoh-shotmaster-ultra-zoom-super-review/
0,886,1832,https://www.35mmc.com/30/08/2019/yashica-t4-review/
0,887,527,https://www.35mmc.com/14/04/2020/nikon-lite-touch-zoom-120ed-5-frames-review-by-robert/
0,888,647,https://www.35mmc.com/01/03/2016/modifying-shooting-vivitar-ultra-wide-and-slim/
0,889,583,https://www.35mmc.com/27/07/2020/konica-big-mini-f-review/
0,890,1058,https://www.35mmc.com/18/07/2019/point-and-shoot-shootout-on-a-budget-by-dan-marinelli/
0,891,467,https://www.35mmc.com/31/10/2013/olympus-xa-classic/
0,892,543,https://www.35mmc.com/05/02/2014/fujifilm-dl-270-zoom-date-review/
0,893,476,https://www.35mmc.com/28/08/2020/lomography-fisheye-2-review/
0,894,647,https://www.35mmc.com/01/03/2016/modifying-shooting-vivitar-ultra-wide-and-slim/
0,895,1408,https://www.35mmc.com/08/11/2022/babies-in-black-swapping-konica-autoreflex-t3-body-plates-by-bob-janes/
0,896,672,https://www.35mmc.com/23/05/2019/chinon-bellami-mini-review/
0,897,659,https://www.35mmc.com/22/12/2020/panasonic-c-3000zm-review/
0,898,631,https://www.35mmc.com/29/03/2019/nikon-l35af-a-mini-review-by-giacomo-zema/
0,899,556,https://www.35mmc.com/08/05/2013/olympus-trip-35-review/
0,900,426,https://www.35mmc.com/25/09/2020/minolta-riva-zoom-110-review/
0,901,546,https://www.35mmc.com/17/08/2021/cannonmate-ae-808-shooting-a-very-fake-canon-by-karl-gustavsson/
0,902,390,https://www.35mmc.com/10/11/2019/olympus-xa-digital-palate-cleansing/
0,903,2012,https://www.35mmc.com/03/11/2015/creating-perfect-camera/
0,904,499,https://www.35mmc.com/02/01/2021/samsung-fino-70s-review/
0,905,667,https://www.35mmc.com/28/02/2019/olympus-az-1-zoom-review/
0,906,946,https://www.35mmc.com/01/10/2021/kodak-ke60-easy-load-35-review-concealed-greatness-among-the-compact-craze-thang-nguyen/
0,907,567,https://www.35mmc.com/18/01/2019/fuji-natura-black-review/
0,908,777,https://www.35mmc.com/25/05/2018/ricoh-ff-90-super-review/
0,909,593,https://www.35mmc.com/11/08/2020/sprocket-rocket-2-0-review-a-day-at-the-fair-by-alex-vye/
0,910,929,https://www.35mmc.com/18/03/2019/olympus-mju-ii-review/
0,911,777,https://www.35mmc.com/25/05/2018/ricoh-ff-90-super-review/
0,912,529,https://www.35mmc.com/11/12/2020/kodak-s1100xl-review-chinon-3001-in-kodak-clothing-by-thang-nguyen/
0,913,578,https://www.35mmc.com/14/01/2014/fuji-zoom-date-2-8-silvi-review/
0,914,2021,https://www.35mmc.com/21/02/2020/canon-sure-shot-zoom-xl-review/
0,915,382,https://www.35mmc.com/03/09/2018/olympus-af10-review/
0,916,1273,https://www.35mmc.com/02/10/2015/minolta-riva-mini-review/
0,917,1534,https://www.35mmc.com/21/10/2015/minolta-hi-matic-af2-review/
0,918,519,https://www.35mmc.com/15/01/2021/ricoh-shotmaster-ultra-zoom-super-review/
0,919,616,https://www.35mmc.com/13/09/2018/minolta-af-35r-qd-review/
0,920,426,https://www.35mmc.com/25/09/2020/minolta-riva-zoom-110-review/
0,921,659,https://www.35mmc.com/22/12/2020/panasonic-c-3000zm-review/
0,922,581,https://www.35mmc.com/25/06/2016/halina-af810-review/
0,923,514,https://www.35mmc.com/28/03/2022/chinon-belami-af-review/
0,924,956,https://www.35mmc.com/05/08/2022/kodak-ektar-h35-review-cheap-thrills-with-a-very-simple-camera-by-eric-woods/
0,925,514,https://www.35mmc.com/08/07/2013/konica-big-mini-review-yeah-its-not-bad/
0,926,912,https://www.35mmc.com/08/01/2015/olympus-af-10-super-review/
0,927,956,https://www.35mmc.com/05/08/2022/kodak-ektar-h35-review-cheap-thrills-with-a-very-simple-camera-by-eric-woods/
0,928,588,https://www.35mmc.com/03/05/2022/olympus-is-300-bridge-camera-mini-review/
0,929,1080,https://www.35mmc.com/30/12/2014/pentax-espio-mini-uc-1/
0,930,1099,https://www.35mmc.com/03/08/2018/canon-af35m-making-review/
0,931,583,https://www.35mmc.com/27/07/2020/konica-big-mini-f-review/
0,932,567,https://www.35mmc.com/07/07/2018/yashica-ninja-star-ii-af-j2-review/
0,933,423,https://www.35mmc.com/07/05/2021/canon-sure-shot-z90w-review/
0,934,460,https://www.35mmc.com/13/08/2020/hanimex-vef-mini-camera-mini-review-by-tobias-eriksson/
0,935,605,https://www.35mmc.com/01/08/2013/ricoh-ff90-review/
0,936,573,https://www.35mmc.com/07/08/2020/vivitar-tec-45-and-panasonic-c-600-review/
0,937,872,https://www.35mmc.com/09/07/2016/miranda-a-x/
0,938,624,https://www.35mmc.com/08/06/2016/samsung-vega-140s-review/
0,939,1171,https://www.35mmc.com/09/10/2020/olympus-mju-v-review/
0,940,299,https://www.35mmc.com/16/12/2018/konica-z-up-150-vp-mini-review/
0,941,543,https://www.35mmc.com/05/02/2014/fujifilm-dl-270-zoom-date-review/
0,942,635,https://www.35mmc.com/07/07/2016/olympus-xa-review-mighty-micro-machine/
0,943,1519,https://www.35mmc.com/13/10/2022/alfie-tych-preview-an-eccentric-camera-that-fits-in-the-palm-of-your-hand/
0,944,593,https://www.35mmc.com/11/08/2020/sprocket-rocket-2-0-review-a-day-at-the-fair-by-alex-vye/
0,945,911,https://www.35mmc.com/11/04/2016/minolta-afz-review/
0,946,977,https://www.35mmc.com/07/04/2015/leica-mini-one-roll-review/
0,947,974,https://www.35mmc.com/14/10/2021/pentax-iqzoom-928-review/
0,948,834,https://www.35mmc.com/24/09/2016/canon-sprint-review-af35j-jet/
0,949,672,https://www.35mmc.com/23/05/2019/chinon-bellami-mini-review/
0,950,1832,https://www.35mmc.com/30/08/2019/yashica-t4-review/
0,951,472,https://www.35mmc.com/27/06/2018/olympus-mju-ii-zoom-80-panorama-review/
0,952,377,https://www.35mmc.com/25/04/2020/carena-mini-zoom-115s-review-by-gandhi-cabanas/
0,953,447,https://www.35mmc.com/07/03/2019/canon-sureshot-or-autoboy-af35m-ii-review/
0,954,370,https://www.35mmc.com/18/09/2020/vivitar-pz3815db-review/
0,955,460,https://www.35mmc.com/13/08/2020/hanimex-vef-mini-camera-mini-review-by-tobias-eriksson/
0,956,929,https://www.35mmc.com/18/03/2019/olympus-mju-ii-review/
0,957,426,https://www.35mmc.com/25/06/2021/ricoh-r10-first-rolls-mini-review-by-louis-boothman/
0,958,962,https://www.35mmc.com/15/08/2022/ricoh-mirai-olympus-az-4-zoom-review-fraternal-twins-by-david-tellet/
0,959,919,https://www.35mmc.com/14/12/2020/pentax-espio-170sl-review/
0,960,459,https://www.35mmc.com/03/07/2016/pentax-espio-120-review/
0,961,1355,https://www.35mmc.com/11/06/2016/canon-sure-shot-af8-review/
0,962,1750,https://www.35mmc.com/30/01/2016/nikon-l35af-review/
0,963,2021,https://www.35mmc.com/21/02/2020/canon-sure-shot-zoom-xl-review/
0,964,570,https://www.35mmc.com/28/04/2018/canon-sure-shot-supreme-review/
0,965,648,https://www.35mmc.com/17/11/2016/canon-sure-shot-sleekprima-mini-ii-review/
0,966,450,https://www.35mmc.com/08/03/2015/minolta-af101r-review/
0,967,474,https://www.35mmc.com/27/03/2016/olympus-xa2-review-love-camera/
0,968,919,https://www.35mmc.com/14/12/2020/pentax-espio-170sl-review/
0,969,596,https://www.35mmc.com/22/10/2021/samsung-slim-zoom-1150-review/
0,970,875,https://www.35mmc.com/05/01/2021/olympus-af-1-mini-review/
0,971,977,https://www.35mmc.com/07/04/2015/leica-mini-one-roll-review/
0,972,1090,https://www.35mmc.com/01/07/2019/lomo-lc-a-a-one-roll-15-year-review/
0,973,1090,https://www.35mmc.com/01/07/2019/lomo-lc-a-a-one-roll-15-year-review/
0,974,845,https://www.35mmc.com/29/10/2016/two-trips-olympus-trip-35/
0,975,659,https://www.35mmc.com/22/12/2020/panasonic-c-3000zm-review/
0,976,556,https://www.35mmc.com/08/05/2013/olympus-trip-35-review/
0,977,627,https://www.35mmc.com/11/01/2019/minox-35-gt-guest-review/
0,978,1260,https://www.35mmc.com/12/07/2016/lomo-lc-a-alternatives/
0,979,647,https://www.35mmc.com/27/11/2020/agfa-optima-sensor-flash-review/
0,980,474,https://www.35mmc.com/27/03/2016/olympus-xa2-review-love-camera/
0,981,670,https://www.35mmc.com/22/02/2016/minolta-riva-panorama-intermezzo/
0,982,1024,https://www.35mmc.com/31/10/2022/voigtlander-vito-iia-review-going-full-circle-by-tony-warren/
0,983,552,https://www.35mmc.com/08/05/2019/national-panasonic-c-500af-review/
0,984,468,https://www.35mmc.com/23/06/2020/olympus-stylus-epic-zoom-115-review/
0,985,829,https://www.35mmc.com/15/04/2016/kodak-portra-400-first-experiences/
0,986,763,https://www.35mmc.com/11/03/2021/minox-110s-a-mini-review/
0,987,450,https://www.35mmc.com/08/03/2015/minolta-af101r-review/
0,988,1175,https://www.35mmc.com/28/01/2019/cosina-cx-2-review/
0,989,929,https://www.35mmc.com/18/03/2019/olympus-mju-ii-review/
0,990,802,https://www.35mmc.com/02/02/2021/minox-35-gt-e-review-scale-focusing-a-pocket-camera-by-anton-yakovlev/
0,991,460,https://www.35mmc.com/13/08/2020/hanimex-vef-mini-camera-mini-review-by-tobias-eriksson/
0,992,2042,https://www.35mmc.com/29/03/2021/rollei-35-my-experiences-with-and-love-for-these-little-cameras/
0,993,386,https://www.35mmc.com/06/02/2022/dacora-dignette-the-story-of-a-old-colleagues-camera-by-jordi-fradera/
0,994,962,https://www.35mmc.com/15/08/2022/ricoh-mirai-olympus-az-4-zoom-review-fraternal-twins-by-david-tellet/
0,995,856,https://www.35mmc.com/12/05/2018/fuji-natura-s-review/
0,996,647,https://www.35mmc.com/01/03/2016/modifying-shooting-vivitar-ultra-wide-and-slim/
0,997,1149,https://www.35mmc.com/23/11/2018/voigtlander-vito-ii-review/
0,998,1558,https://www.35mmc.com/22/04/2022/kodak-retina-118-more-than-a-camera-by-lisa-murphy/
0,999,911,https://www.35mmc.com/11/04/2016/minolta-afz-review/
0,1000,1208,https://www.35mmc.com/13/07/2015/fuji-dl-500-review/
0,1001,382,https://www.35mmc.com/03/09/2018/olympus-af10-review/
0,1002,450,https://www.35mmc.com/08/03/2015/minolta-af101r-review/
0,1003,680,https://www.35mmc.com/22/02/2020/yashica-t4-review-2-goodbye/
0,1004,570,https://www.35mmc.com/03/02/2018/yashica-t2-review/
0,1005,523,https://www.35mmc.com/07/12/2020/canon-sure-shot-ex-review/
0,1006,567,https://www.35mmc.com/18/01/2019/fuji-natura-black-review/
0,1007,720,https://www.35mmc.com/04/09/2020/olympus-quick-shooter-zoom-review/
0,1008,605,https://www.35mmc.com/01/08/2013/ricoh-ff90-review/
0,1009,423,https://www.35mmc.com/07/05/2021/canon-sure-shot-z90w-review/
0,1010,1534,https://www.35mmc.com/21/10/2015/minolta-hi-matic-af2-review/
0,1011,961,https://www.35mmc.com/05/06/2013/yashica-t5-review/
0,1012,961,https://www.35mmc.com/05/06/2013/yashica-t5-review/
0,1013,531,https://www.35mmc.com/24/05/2015/chinon-auto-3001/
0,1014,1314,https://www.35mmc.com/22/11/2016/lomo-lc-wide-review/
0,1015,1519,https://www.35mmc.com/13/10/2022/alfie-tych-preview-an-eccentric-camera-that-fits-in-the-palm-of-your-hand/
0,1016,659,https://www.35mmc.com/22/12/2020/panasonic-c-3000zm-review/
0,1017,823,https://www.35mmc.com/16/03/2021/olympus-35-ec-and-ec2-review/
0,1018,593,https://www.35mmc.com/11/08/2020/sprocket-rocket-2-0-review-a-day-at-the-fair-by-alex-vye/
0,1019,437,https://www.35mmc.com/19/07/2018/rollei-prego-70-trouble-names-pedro-trevinos-ps-journal-3/
0,1020,1213,https://www.35mmc.com/17/03/2019/ricoh-rz-105-zoom-date-review/
0,1021,474,https://www.35mmc.com/27/03/2016/olympus-xa2-review-love-camera/
0,1022,935,https://www.35mmc.com/04/06/2016/samsung-af-slim-review/
0,1023,519,https://www.35mmc.com/15/01/2021/ricoh-shotmaster-ultra-zoom-super-review/
0,1024,507,https://www.35mmc.com/14/12/2019/leica-minilux-death-by-e02-5-frames-with-a-beautiful-brick-by-bill-thoo/
0,1025,912,https://www.35mmc.com/08/01/2015/olympus-af-10-super-review/
0,1026,974,https://www.35mmc.com/14/10/2021/pentax-iqzoom-928-review/
0,1027,606,https://www.35mmc.com/08/10/2016/ricoh-ff9s-review/
0,1028,605,https://www.35mmc.com/01/08/2013/ricoh-ff90-review/
0,1029,433,https://www.35mmc.com/28/10/2020/pf-micro-110-high-tech-110-camera-and-some-fresh-film-by-jordi-fradera/
0,1030,543,https://www.35mmc.com/09/06/2013/nikon-lite-touch-af600-review/
0,1031,1279,https://www.35mmc.com/05/06/2020/fujifilm-zoom-date-1000-1300-and-160s-review/
0,1032,583,https://www.35mmc.com/27/07/2020/konica-big-mini-f-review/
0,1033,659,https://www.35mmc.com/22/12/2020/panasonic-c-3000zm-review/
0,1034,657,https://www.35mmc.com/28/03/2019/ricoh-gr10-review-diamond/
0,1035,499,https://www.35mmc.com/02/01/2021/samsung-fino-70s-review/
0,1036,493,https://www.35mmc.com/09/12/2017/yashica-t4-zoom-review/
0,1037,667,https://www.35mmc.com/28/02/2019/olympus-az-1-zoom-review/
0,1038,975,https://www.35mmc.com/19/11/2021/fuji-discovery-875-zoom-plus-attention-kmart-shoppers-or-a-discount-department-store-photographic-history-by-shawn-granton/
0,1039,784,https://www.35mmc.com/13/05/2022/canon-epoca-a-review-by-phil-harrison/
0,1040,1082,https://www.35mmc.com/06/05/2016/olympus-xa4-review/
0,1041,720,https://www.35mmc.com/04/09/2020/olympus-quick-shooter-zoom-review/
0,1042,583,https://www.35mmc.com/27/07/2020/konica-big-mini-f-review/
0,1043,1613,https://www.35mmc.com/23/08/2015/olympus-mju-iii-wide-100-review/
0,1044,974,https://www.35mmc.com/14/10/2021/pentax-iqzoom-928-review/
0,1045,514,https://www.35mmc.com/08/07/2013/konica-big-mini-review-yeah-its-not-bad/
0,1046,1072,https://www.35mmc.com/05/03/2016/ricoh-ff-8wr-review/
0,1047,680,https://www.35mmc.com/22/02/2020/yashica-t4-review-2-goodbye/
0,1048,1175,https://www.35mmc.com/28/01/2019/cosina-cx-2-review/
0,1049,645,https://www.35mmc.com/15/03/2019/olympus-xa-shooting-a-roll-in-san-francisco-by-jacint/
0,1050,523,https://www.35mmc.com/07/12/2020/canon-sure-shot-ex-review/
0,1051,929,https://www.35mmc.com/18/03/2019/olympus-mju-ii-review/
0,1052,667,https://www.35mmc.com/28/02/2019/olympus-az-1-zoom-review/
0,1053,1058,https://www.35mmc.com/18/07/2019/point-and-shoot-shootout-on-a-budget-by-dan-marinelli/
0,1054,553,https://www.35mmc.com/20/11/2020/canon-sure-shot-z155-review/
0,1055,929,https://www.35mmc.com/18/03/2019/olympus-mju-ii-review/
0,1056,670,https://www.35mmc.com/22/02/2016/minolta-riva-panorama-intermezzo/
0,1057,479,https://www.35mmc.com/30/03/2019/olympus-mju-ii-kodak-t-max-400-lessons-from-the-forgotten-ones-by-jon-yk-lee/
0,1058,1082,https://www.35mmc.com/06/05/2016/olympus-xa4-review/
0,1059,445,https://www.35mmc.com/23/04/2020/canon-sure-shot-105-zoom-mini-review-by-gavin-bain/
0,1060,493,https://www.35mmc.com/09/12/2017/yashica-t4-zoom-review/
0,1061,701,https://www.35mmc.com/18/03/2017/ricoh-shotmaster-tru-zoom/
0,1062,822,https://www.35mmc.com/09/09/2019/pentax-espio-80-review/
0,1063,553,https://www.35mmc.com/20/11/2020/canon-sure-shot-z155-review/
0,1064,1519,https://www.35mmc.com/13/10/2022/alfie-tych-preview-an-eccentric-camera-that-fits-in-the-palm-of-your-hand/
0,1065,647,https://www.35mmc.com/01/03/2016/modifying-shooting-vivitar-ultra-wide-and-slim/
0,1066,720,https://www.35mmc.com/04/09/2020/olympus-quick-shooter-zoom-review/
0,1067,507,https://www.35mmc.com/14/12/2019/leica-minilux-death-by-e02-5-frames-with-a-beautiful-brick-by-bill-thoo/
0,1068,1597,https://www.35mmc.com/24/12/2018/panomicron-oxygen-review/
0,1069,828,https://www.35mmc.com/12/11/2021/lensfayre-snap-lf35-m-a-sustainable-customisable-reusable-camera/
0,1070,1314,https://www.35mmc.com/22/11/2016/lomo-lc-wide-review/
0,1071,834,https://www.35mmc.com/24/09/2016/canon-sprint-review-af35j-jet/
0,1072,514,https://www.35mmc.com/08/07/2013/konica-big-mini-review-yeah-its-not-bad/
0,1073,974,https://www.35mmc.com/14/10/2021/pentax-iqzoom-928-review/
0,1074,900,https://www.35mmc.com/06/12/2015/minolta-explorer-zoom-riva-zoom-70w-review/
0,1075,370,https://www.35mmc.com/18/09/2020/vivitar-pz3815db-review/
0,1076,514,https://www.35mmc.com/28/03/2022/chinon-belami-af-review/
0,1077,479,https://www.35mmc.com/30/03/2019/olympus-mju-ii-kodak-t-max-400-lessons-from-the-forgotten-ones-by-jon-yk-lee/
0,1078,659,https://www.35mmc.com/22/12/2020/panasonic-c-3000zm-review/
0,1079,543,https://www.35mmc.com/05/02/2014/fujifilm-dl-270-zoom-date-review/
0,1080,553,https://www.35mmc.com/20/11/2020/canon-sure-shot-z155-review/
0,1081,426,https://www.35mmc.com/25/06/2021/ricoh-r10-first-rolls-mini-review-by-louis-boothman/
0,1082,610,https://www.35mmc.com/14/04/2018/konica-aa-35-reporter-review/
0,1083,956,https://www.35mmc.com/05/08/2022/kodak-ektar-h35-review-cheap-thrills-with-a-very-simple-camera-by-eric-woods/
0,1084,548,https://www.35mmc.com/23/01/2020/olympus-stylus-epic-zoom-80-review/
0,1085,1135,https://www.35mmc.com/21/06/2016/samsung-ecx1-review/
0,1086,523,https://www.35mmc.com/07/12/2020/canon-sure-shot-ex-review/
0,1087,1208,https://www.35mmc.com/13/07/2015/fuji-dl-500-review/
0,1088,567,https://www.35mmc.com/18/01/2019/fuji-natura-black-review/
0,1089,472,https://www.35mmc.com/27/06/2018/olympus-mju-ii-zoom-80-panorama-review/
0,1090,299,https://www.35mmc.com/16/12/2018/konica-z-up-150-vp-mini-review/
0,1091,579,https://www.35mmc.com/10/07/2015/konica-mermaid-review/
0,1092,919,https://www.35mmc.com/14/12/2020/pentax-espio-170sl-review/
0,1093,856,https://www.35mmc.com/12/05/2018/fuji-natura-s-review/
